,Class 1,Class 2,Class 3,Class 4,Class 5,Class 6
strain.0,0.5226270316181273,0.0,-0.0302187531799652,0.0,0.0,0.0
strain.1,0.0,0.0,0.0,0.0,0.0,0.0
strain.10,0.004165852038777792,0.0,0.0,0.0,0.0,-0.1885867544207294
strain.100,0.0,0.0,-0.07498605564135476,0.0,0.0,0.0
strain.101,-0.002940411560471723,0.0,0.002555543672697948,0.0,0.0,-0.8307504245322714
strain.102,0.0,0.006220291237061342,-0.418372393630868,0.0,0.0,0.0
strain.103,-0.009408845966717169,0.0,0.0,0.0,0.8238898903169452,0.0
strain.104,0.010767384280798006,0.01899344039312566,-0.00035400055230131995,-0.018687777887161548,0.34347876486325535,-0.0007650049982116678
strain.105,0.0,0.0,0.0,0.0,-0.01089073600125381,0.0
strain.106,0.0019948290525353715,0.03515820247356984,0.2532100484092652,-0.015390193805974686,0.0166281629982901,-0.20149555923926565
strain.107,0.0,0.0,0.0,-0.04157207883600638,0.0,-0.004410288136453903
strain.108,-4.492953818004865e-06,0.0,0.0,0.0037303140943268807,0.0,-0.009685921543131283
strain.109,-1.3435776845700418,0.0,0.007888726567045007,0.0,0.0,0.0
strain.11,0.002704217966623,0.0,0.0,0.0,0.0,-3.2754788319368685e-05
strain.110,1.3110845109289293,0.0,-3.7829897400192936,0.48871429123105603,1.1844828537415852,0.5546506780159489
strain.111,-0.371779242817731,0.0,0.003384955134396825,0.0022212451563715725,0.0,-0.0031553111468101617
strain.112,0.0,0.0,0.029734936949233893,0.22078931917367714,0.0,-0.15226747029798196
strain.113,0.0,0.0,-0.0017087778303184194,0.002592456277785015,0.0,0.0
strain.114,0.0,0.0,0.0,0.0,0.0,0.0005408419398695994
strain.115,0.0,0.0,0.0,0.0,0.0,0.0
strain.116,-0.008745357449334261,0.0,0.0,-0.14227895591897693,0.0,0.0
strain.117,0.0,0.0,0.0,-0.0005234056072464428,0.0,0.0
strain.118,-0.04713083605918726,0.0,0.0,0.0,0.0,0.0
strain.119,0.0,0.0,0.0,0.0,0.0,0.0
strain.12,0.0,0.0,0.0,0.23944818967800396,0.0,0.0
strain.120,0.0,0.0,-0.0012513457936133134,0.0,0.0,0.0
strain.121,0.0,0.7727074507137097,-0.1622192521018817,-0.3614570032966716,0.0,0.0
strain.122,-0.0017774754101780254,0.0,-1.0256662497960904,0.0,0.005188873047747271,0.0
strain.123,-0.003219559295021814,0.0,-0.2481080538241284,0.0019831258230856496,0.0,0.17500276916240423
strain.124,0.0,0.0,0.0,0.16733791518662608,-0.06819550651477142,-1.015930238783952
strain.125,0.0,0.0,0.0,0.031090007968564315,0.0,-0.6274130854585319
strain.126,-0.08066941653694575,0.2828371197894834,0.0,-0.001274325722163086,0.011565576195917216,-0.06765606546554721
strain.127,0.0,0.0,0.0,0.0,0.10284603335578617,0.0
strain.128,0.4773653203756326,0.0,0.0,-0.21782070186815458,-0.10688651958617866,0.4426060930640163
strain.129,-0.09607175248188844,0.0,0.36179192306158703,0.0,0.0022374431596570523,0.0
strain.13,0.0,0.0,0.0,0.0,0.0,0.0
strain.130,0.0,0.0,0.0,0.03874112492932557,0.0,0.0
strain.131,-0.0805670154222263,0.0,0.0,0.0,0.34135483771692837,0.0
strain.132,0.0,0.0,0.0,0.046019438625297206,-0.004332548526888616,0.0
strain.133,0.0,0.0,0.4751107798017931,0.0,-0.015551231775710099,0.0
strain.134,0.0,0.0,0.0,0.0,0.0,0.0
strain.135,0.0,0.0,0.0,0.0,0.013847559655007016,0.0
strain.136,0.001704175203406153,0.0,0.0,-0.23298267015258567,0.0,0.0
strain.137,0.0,0.0,-0.0012215055104655883,0.0,0.5366920251615512,0.0
strain.138,0.0,0.0,0.0,-0.4753858801500016,0.0,0.7533629304958024
strain.139,0.0,0.0,0.0,0.0,0.006475167780879836,0.0
strain.14,-0.0010589782915171107,0.0,-0.610296989303486,0.0,-0.0005817807948807323,0.0
strain.140,-0.9062823951561325,0.0,0.0,0.0,0.007621616114231657,0.0
strain.141,0.0,0.0,0.0,0.00048799228539971506,-0.000392703521735316,0.0
strain.142,0.9837361422670433,0.0,8.285994652784463e-05,0.0,0.0,0.0
strain.143,-0.22761226373353083,0.0,0.0016044058901217584,0.00038146001742645673,0.13570398949244297,0.11075348020829141
strain.144,0.0,0.0,0.0,0.02826031403984441,0.0,0.0
strain.145,-0.25605931172916346,0.0,0.050466608390127586,0.0,0.24152616469267144,0.0
strain.146,0.0,0.0,0.0,0.0,0.0,-0.2834114631017824
strain.147,0.0002673321432156356,0.0,0.0,0.0,0.0,-0.18654542422959422
strain.148,0.0,0.0,0.0,0.005811493198432813,0.0,0.0
strain.149,0.09421251827359858,-0.023324067771955854,0.08056065629232534,0.0,0.0,-0.49706515274932805
strain.15,0.0,0.0,0.0,0.0,0.0,0.0
strain.150,0.0,0.0,0.36213951223026675,0.0006499198094374619,-0.00031358585398941674,0.007671049714785416
strain.151,-0.04826546783245475,0.0,0.21201892599764832,0.0,0.0,0.0
strain.152,0.0,0.0,-0.005784635834773778,0.0,0.6627471823648114,0.0
strain.153,0.0,0.0,0.0,-0.0013201998539741073,0.07706579376270097,0.0
strain.154,0.561435321294728,0.0,0.0,-0.3450945254553761,-0.021624546506978103,0.03387841484143358
strain.155,-0.12332479644106747,0.0,0.008935443081295886,0.0,-0.002619659178798643,0.0
strain.156,0.0,0.0,0.0,0.0,0.0,0.0
strain.157,0.0,0.0,0.0,0.11981772007843719,-0.00035544329821727324,0.009475069864978451
strain.158,0.0,0.0,0.0,0.0,0.0,0.0
strain.159,-0.18332192649793,0.035771370221490385,0.0,-0.42472153080548114,0.0025869452030637995,-0.9633603171949443
strain.16,-1.7164389760717054,0.0,0.116183509423089,0.0,0.0,0.0
strain.160,0.0,0.0,0.0,0.0,0.0,0.0
strain.161,0.05257877323245161,-0.08052842999549506,0.3297976634841393,0.0759644779806293,-0.0004152735161606914,-0.5231507615456253
strain.162,0.039399396026066194,0.8367481523128958,0.0,0.0,-0.0025145998503710294,0.0
strain.163,-0.5151640275936913,0.0,0.5886832654933949,0.0033218392182517145,-0.0357728074168431,0.0
strain.164,-0.12826238367949197,0.0,0.22137677430060726,-0.033353941219946545,0.0012698448219862152,0.006338892958665285
strain.165,0.0028434117416054104,0.0,0.0,0.0,0.0,-0.00296026011157663
strain.166,0.2899336513544948,0.4267080489421322,0.0,0.289668279317627,-0.0029561104457954,-0.702430121302525
strain.167,-0.26444654373119053,0.0,0.0,0.0,0.00022294547790317247,0.0
strain.168,0.0,0.0,0.0,0.0,0.0,0.0
strain.169,-1.395234359953959,-0.010020747679428786,-0.002799449641291752,0.10637431965135717,0.7298514245184863,0.22728275742737553
strain.17,-0.6232571706413085,0.0,0.5625008266524031,0.0,0.0,0.0
strain.170,1.5005791643871322,0.014786749324672178,-0.022655137603753303,-1.3104352777899335,-0.15241320976911457,0.0036457869298581343
strain.171,0.21766173677255446,9.186961051203022e-05,-1.060150162172455,-0.00022059634706485568,0.0,0.0
strain.172,0.0019862613075440974,0.0,0.1608310404560295,0.03860295661398223,-0.2150935722275288,0.0
strain.173,0.12753935874988728,0.0,0.0,0.6414726628236825,-1.1411259640694258,-0.23269988707558892
strain.174,0.03111176321367491,0.0,0.0,0.0,0.0,0.0
strain.175,9.604121683606295e-05,0.0,0.0,0.0,-0.004649187104410293,0.0
strain.176,0.0,0.0,0.0,0.0,0.0,0.0
strain.177,0.023581617006972262,0.0,0.0,0.0,0.002471148212884017,-0.002761036526715799
strain.178,0.0,-0.00840729091965161,0.0,0.0,0.0,0.0
strain.179,0.008821831994635508,-0.017571315706199384,0.0,-0.0066589495930696714,0.9011722388324411,-0.0006544108126768591
strain.18,-0.2286467877604214,0.0,0.0,0.4535187305373909,0.0,-0.09997989414309384
strain.180,0.6723267914420091,0.0,0.0,-1.2777450854290946,0.0,0.929192038690597
strain.181,-0.22445527645040628,0.0,-0.30136670487305217,-0.003014637478696835,0.8699704752542643,0.0312733313728215
strain.182,-0.06633070909279085,0.0,-0.047380157241903496,0.0,0.0,0.2221118287256391
strain.183,0.0,0.011449829669359852,0.0,-0.009519015630290227,0.0177957187582654,0.0
strain.184,-2.2672101688416997,0.0,1.3364279577586278,0.004920759839050607,0.0,-0.004352828687293145
strain.185,0.0,0.0,0.0,0.0,0.0,0.0
strain.186,0.0,0.0,0.0,-0.031789741584565136,0.0,0.0
strain.187,0.07099115879991272,0.0,0.34895966832574027,-0.016304873158317693,-0.0014106325766188846,0.0
strain.188,0.0,0.0,0.0,-0.010892101227300116,0.0,0.0
strain.189,0.0,0.0,0.0,0.0,0.13123136499819313,0.0
strain.19,0.0,0.0,0.0,-0.20576695048978375,0.002995738064795474,0.0
strain.190,0.0015504077853021505,0.0011758407157310383,-0.10284103575606134,-0.02124159338137919,0.004223984960517085,0.0
strain.191,0.0,0.0,0.0,0.0,0.48739216668088775,0.0
strain.192,0.0,0.0,0.0,0.0,0.0,0.0
strain.193,-0.0015547046117744682,0.0,0.0,0.0,0.0,0.0
strain.194,-0.005987061465494216,0.0,-0.6306659035390275,0.5069748802176832,0.0,0.0007528202563932476
strain.195,0.1897826120542151,0.0,0.0,-0.02079378165619986,-0.00467234904292176,0.0
strain.196,0.22236270493228208,-0.009254238352280926,0.0,0.0,0.0018707940478932302,0.0
strain.197,-0.0380411701129483,0.0,0.00105322381720655,-0.3199087019991667,0.0,0.12038608824669766
strain.198,0.0,0.0,0.0,0.0,0.0,-0.27085233451818047
strain.199,0.0,0.0,0.0012291223989660675,0.0,-0.3846079779295059,0.30904853690571316
strain.2,-0.0008764596753806146,0.0,0.0,0.0,0.0,0.0
strain.20,-0.2724016661206746,0.0,0.00027654973495052726,-0.0007808681753440866,0.0,0.0
strain.200,-0.09917082595743941,0.0,0.0,0.0,0.0,0.0
strain.201,0.0,0.0,-0.1721920393196554,0.5090604847849317,0.0,0.0
strain.202,0.0,0.0,-0.013645298966564082,0.0,0.24607844353614639,0.0
strain.203,-0.3397654802023168,0.0,0.6669347620332882,0.2906711714111235,0.005931821563435795,8.606322384358812e-05
strain.204,0.0,0.0,0.0,0.0,0.0,0.0
strain.205,0.0,0.0,0.0,0.0,0.0,-0.0003005386425485297
strain.206,0.0,0.0,0.0,0.0,0.0,0.0
strain.207,0.0,0.0,-0.5413481198397375,0.6205661282434706,0.0,-0.0016872973269454923
strain.208,0.024795690230659292,0.0,0.0,0.0,-0.8019651424862967,-0.00202356659571621
strain.209,-0.0017394114395488081,0.0,0.0,-0.01460852361900842,-0.03683318873789305,0.02718695301474423
strain.21,0.0,0.0,0.12702994654669486,0.49154751394967544,0.0,-0.010251224492600334
strain.210,-0.20302444732935773,0.08118590421040252,0.003476094777257259,0.00018265443442993604,0.001301560972394114,-8.656045005132002e-05
strain.211,0.0,0.0,0.0,0.0,0.004661474964255302,0.0
strain.212,-0.11728724095460205,0.0,0.0,0.0,0.0,0.0
strain.213,0.1090387697610529,0.0,0.0,0.0,-0.05008587214332274,0.0
strain.214,0.0,0.0,-0.0032398426822846625,-0.006459262876581648,0.6999548743856366,0.0
strain.215,-0.012267137590822274,-0.010704322541944708,0.0,0.40443629372080936,0.0,0.9744490670080821
strain.216,0.0,0.0,0.0,0.0,0.0,0.009737063238849068
strain.217,0.0,0.0,0.0,0.05377080618674592,0.0,0.0
strain.218,0.0,0.0,0.0,0.07096819526741291,-0.0006678110175962988,0.0
strain.219,0.0,0.0,0.0,-0.22011548323369184,0.0009960111079478629,0.0
strain.22,0.0,0.0,0.0,0.0,0.0,0.005339753397964713
strain.220,0.0,0.0,-0.0014473843791497863,0.009728597087334095,0.0,0.0
strain.221,-9.716406493039837e-07,0.0,0.0,0.0,0.0,0.0
strain.222,0.0,0.0,0.0004471800823782212,0.0,0.0,-0.7456202334072344
strain.223,0.0,0.0,-0.00037677636320210825,0.0,0.0,0.0
strain.224,-0.0006180136960717966,0.0,0.0,0.0,0.0,0.0
strain.225,0.0,0.0,0.0,0.0,0.5025671101554909,0.0
strain.226,0.0007344717850905778,0.0,0.0,0.0,0.0,-0.18961334663719714
strain.227,1.5357665996574321,0.0,0.0,0.34283129991627453,-1.1904179332714067,-0.008066551102888899
strain.228,-0.02328476181123481,0.0,0.0,0.0,0.0,0.522447454632434
strain.229,0.22506581103300266,0.14362595203966544,0.008571166439150369,2.0507383398474683e-05,-0.21101143702641076,-0.8543051423686085
strain.23,1.8973690010761752,0.005424169160131354,0.0,-0.1546685619990558,0.0,-1.1022816207859385
strain.230,0.0,0.0,0.033342247465675365,0.0,0.0,0.0
strain.231,0.00033453593172018176,0.0,-0.0008368351633606633,0.0,0.0,-0.07176860628815539
strain.232,1.1693634427940163,-0.04808741230926099,0.0,-1.43139111545005,0.0,0.04848024738170274
strain.233,-0.03326249672394999,0.0,0.0016321397178241993,0.38258949849564283,-0.02231950314723409,0.0
strain.234,0.3342304049902774,0.0,0.0,-0.0018423171977257778,0.0,0.0
strain.235,-0.02584881011112731,0.0,0.0,0.10791969138639584,-0.027473204966704783,0.661196152113092
strain.236,0.5925309222615183,0.0,0.49827891253434414,0.0,-0.9245334216744283,0.12020444321889866
strain.237,-0.00904150542823645,0.0,0.03347588687214824,0.0,0.0,0.0
strain.238,0.0,0.0,0.0,0.0,0.0,0.0
strain.239,-0.1544307956251288,0.0,0.0,0.0030541872545303004,-0.0986434092278983,0.0
strain.24,0.0,0.0,0.0,0.0021994863856925817,0.0,0.0
strain.240,1.0683762191284878,-1.439529269072834,0.0,0.0,0.6082856668036701,0.0
strain.241,-0.13142090945471258,0.0,0.0,0.8401107875428314,0.0,0.0
strain.242,-0.021873945419814855,0.0,-0.0011131488055571984,0.0,0.0009196127132376801,0.0
strain.243,-0.41765056430183045,0.0,0.3113291251347402,0.18103402846916405,-0.0008166416925337483,0.0
strain.244,0.01565257967893352,0.38288130931880004,-0.1016049210177687,-0.31227711111332185,0.00409688423406085,-0.052580304741180174
strain.245,-0.0288531494568638,0.0,0.3618958813816288,0.0,0.0,0.0
strain.246,-0.5038757229386018,0.0,-0.0002785900223894462,0.0,0.001194534017038406,0.0
strain.247,-0.503338323081866,0.0,0.0025585229672377015,0.0,0.0,0.1225108758322136
strain.248,0.0,0.0,0.0051231028392804525,0.0,0.0033681196869226964,0.0
strain.249,-0.001297701079051513,0.6748328504819151,0.00031418412094231764,0.0,0.0,-0.25942410622031653
strain.25,0.0,0.0,0.4364050216285162,0.0,-0.0010503429302011968,0.0
strain.250,0.17129617495224134,0.0,1.585443075737897e-05,0.0,0.0,0.0
strain.251,0.0,0.0,0.0,0.0,0.0,0.0
strain.252,0.051654955077981526,0.0,0.0,0.0,-0.0010148970807398888,0.0
strain.253,0.053730225806072576,0.0,0.0,0.0,0.0,-0.21444508828358358
strain.254,-0.04583305610338766,-0.001219048934137071,0.0,0.0,6.903686576347015e-05,-0.0006573929779148471
strain.255,0.0,0.0,0.0,0.0,0.0,0.0
strain.256,0.0,0.0,0.0,0.0,0.0,0.33386480260702717
strain.257,0.0,0.0,0.0,0.0,0.0,0.0
strain.258,0.0,0.0,0.0,-0.026205332858879132,0.0,0.0
strain.259,-0.000860285068592463,0.0,0.0,-0.0018317012693059621,0.0027663794331627763,0.0
strain.260,0.0,0.0,0.0,0.0,0.010918236969149495,-0.022120863776258447
strain.261,-0.0012446295223073364,-0.9674899779647266,0.0,0.0,0.0,0.0
strain.262,0.1529279992657183,0.0,-0.5311405892695074,-0.00015332883595441425,-0.05705096006268379,0.5550392707595896
strain.263,-0.009845346956123794,0.0,0.0,0.03854478404295656,0.0,0.0
strain.264,-0.5296776471229295,0.0,0.0,0.0009040513507584262,0.0,0.03478795923156759
strain.265,-0.03960000467986435,0.0,0.008204163871640174,0.0,0.0,0.00037446341385845565
strain.266,0.7373557515998003,-0.6990744445845825,0.0,-0.019161419128028878,0.00027354630709187233,0.0
strain.267,-0.00039528548547295767,0.0,0.0,0.0,0.0,0.0
strain.268,0.0,0.002948762506658458,0.0,-0.006285751494054925,0.0,0.0
strain.269,1.2674608280450326,0.0,0.0,0.0,0.0,0.0
strain.27,-0.3737159849750403,0.0,0.0,0.22886001481826726,0.010318697748386504,0.0
strain.270,0.0,0.17549827784339725,0.0,0.0,0.0,-0.0012415118241145618
strain.271,0.0021282511288012265,0.0,0.0,0.0,0.020022268724637558,0.0
strain.272,0.0,0.0,0.0,0.002279755443536903,0.0,-0.0005661927213806802
strain.273,0.0,0.0,0.0,-0.016188070677031968,0.4476950146790708,-0.009938553716691417
strain.274,0.0,0.04442172532622521,0.0,-0.20523271622871983,0.0,0.0
strain.275,-0.0043920548452479795,0.0034196971832379706,0.0,-0.06483205975911119,0.0,0.09967370275501816
strain.276,0.0011315751059634395,0.0,-0.008267710960674983,-0.05185311715261886,0.002480784965685092,0.20731652060503938
strain.277,-0.001020660928990603,0.0,0.0,0.0,0.004226785716503217,0.12784204549570133
strain.278,0.021054717914557097,0.0,-0.007766901634025253,0.0,0.0,-9.224823979324406e-05
strain.279,0.0,0.0,-0.002049795274962257,-0.000317549911494352,0.19981813735479906,0.0
strain.28,0.0,0.0,0.0,0.0,0.0,0.0
strain.280,0.2797126953753849,0.0,0.0,-0.3146871547922894,0.0,0.0
strain.281,-0.08598757122352939,0.0,-0.15208934173829353,0.0,0.027159689766444874,0.0
strain.282,0.0,0.0,0.0,0.0,0.0,0.0
strain.283,0.0,0.0,0.0,0.0,-0.23888002720240045,0.8743092915446096
strain.284,-0.06148301845549314,0.0,0.0,0.0,0.08395672339441655,0.0
strain.285,0.021856245813492072,0.0,0.0,0.0,0.0,0.0
strain.286,-0.4202157487584741,0.2213816881739416,0.309347562785133,0.0,0.048149289987263866,-0.0007226394814865289
strain.287,0.0,0.0,-0.004607462470921945,0.0,0.014114645290971239,0.0
strain.288,0.0,0.0,0.0,0.0,0.0020054399860458174,-0.002754703685556066
strain.289,0.0,0.0,0.0,0.0,0.0,0.0
strain.29,0.005338060802013656,0.04714238311024973,0.0,0.0,0.0,-0.8101682446774711
strain.290,-0.21068654554384705,0.0,-0.0662129448245928,0.24563398296710803,0.5750876524349989,-5.901821242465158e-05
strain.291,-0.020644086295090548,0.0,0.1490301732593204,0.0,0.0,0.0
strain.292,-0.0008575314103176005,0.0,0.056755893856160915,-0.25863591706085187,0.0,0.0
strain.293,0.0,0.0,-0.012149988966133219,0.11507640441877687,0.0,0.0
strain.294,-0.009781903732998603,0.0022452132360579677,0.0,0.0009674016756010153,0.0,0.3710011020769196
strain.295,0.00010224503592652702,-0.42554148889143,0.0484105511140132,0.0,-0.0016461622037738748,0.16362265858903544
strain.296,-0.09550077679960631,0.0,0.0,0.0,0.0,-0.0029165634287414764
strain.297,-1.4494876528205272,1.8507715138945549,0.0,0.11812611134696474,0.0,0.0
strain.298,-0.14497318389629554,0.0,0.0,0.0,0.0,0.32365529838185575
strain.299,0.0,0.0,0.0007081876196869334,0.0,0.0,0.0
strain.3,-0.006629792055196871,0.0,0.5772778737509916,0.0,-0.06380697983597494,0.0
strain.30,0.0,0.0,0.0,0.0,0.0065333794654441725,0.0
strain.300,0.0,0.0,0.0,0.0,0.002574814776038094,0.0
strain.301,0.0,0.00434508909834688,-0.0017701562535647063,0.0,0.0,0.0
strain.302,0.0,0.00014482391232253455,0.0,0.0,0.0,-0.00729710703667526
strain.303,-0.2960220647516428,-1.5448900350835821,0.0,0.16641071869465351,0.0,0.004046435742424827
strain.304,-0.013474304660006316,0.0,0.00010039485499497979,0.3008110063450615,-0.5135982120582716,0.0
strain.305,0.0,0.0,0.0,0.45662368803495473,0.0,0.0
strain.306,-0.0007459040038834869,-0.21339133207638072,0.004068753731137112,0.0,0.0,0.5314034640435759
strain.307,0.0,0.0,0.0,0.0,0.00024076055191110142,0.0
strain.308,0.0,0.0,0.0,0.0,0.0,0.0072944225898367845
strain.309,0.6081234162569941,0.0,0.0,0.0,-0.0004666307769537763,0.0
strain.31,-1.1421784945413114,0.139756624373015,0.011201778638360643,0.0,0.004900905539491435,0.9069895143938104
strain.310,-0.21290817811633836,9.921809528698708e-05,0.0,-0.5120860625306743,0.9078117291670551,0.0
strain.311,0.0,0.0,0.0,0.0,0.0,0.0011955362586192019
strain.312,0.0,0.0,0.0,0.0,0.0,-0.0009140161032810244
strain.313,0.0,0.007731601329544969,0.0,0.0,-0.012590031416425824,0.17662881487558002
strain.314,0.0,0.0,0.0,-0.3508131786044311,0.0,0.0
strain.315,1.6176399710631097,0.0,0.0,-0.19588765286755466,-0.0019599923500794743,-0.14711304794697033
strain.316,0.0,0.0,0.0,-0.027653583313809602,0.0,0.1119490773950811
strain.317,-0.17289706676926697,-0.6484597602347854,0.0,0.0,-0.06410833386020369,0.0034890174489327404
strain.318,-0.4856195495173597,0.0,0.0,0.002614568680110925,0.0,0.005615095759603024
strain.319,0.7591793974391318,0.0,0.0,1.1202278017738816,-1.1347644397683363,0.0
strain.32,0.010202842266337263,-0.004662343844828538,0.0,-0.011078201621049203,0.0,0.0
strain.320,-0.159626935842295,0.0,-0.0025513413826696255,0.0,0.051305332584939974,0.0010983647100752507
strain.321,0.0,0.0,0.0,0.0,0.0,0.0
strain.322,0.0,0.0,0.0,-0.2128977703661924,0.0,0.0018301754004553445
strain.323,0.0005261150958075307,0.4336952094966796,0.0,-0.6135363023409176,-0.054742377089707646,0.3845584514205032
strain.324,0.0,0.0,0.0,0.0,0.0,0.0
strain.325,0.0,0.0,0.028571560736894014,0.0,0.0,-0.0018982047092678388
strain.326,0.0,0.0,0.0,0.0,-0.0033374070621137123,0.0
strain.327,-0.5344850304321411,-0.0012937088574231813,-0.0038636530785759594,0.8095182224208611,0.3015972078753739,0.6059306568644518
strain.328,-0.025332309325445137,0.0,0.0,0.0,0.0035544090570320346,0.154485802218125
strain.329,-0.60117401689972,0.0,-0.03812260066281543,0.0,0.0,0.2942559045732303
strain.33,-0.08804711691211096,0.0,0.0,0.0,0.0,0.0
strain.330,0.043972294725890225,0.0,0.0,-0.4737962149352961,0.0,0.0
strain.331,0.0,-0.10256912376987977,0.013260693967142963,-1.4801447807247183,0.009972326674950648,0.44579826410634604
strain.332,0.0,0.0,0.0,0.0058477916001056255,-0.6144584427994949,0.016461389578555714
strain.333,0.0,0.0,0.0,0.0,0.0,-0.09632741646437948
strain.334,-0.0018181474827915654,0.04420820278697507,0.0,-0.5216203918149646,0.0,0.0013087217032777287
strain.335,0.0,-0.4648427473022881,0.0,0.0,0.0,0.0
strain.336,0.0,0.0,0.0,0.0,0.009687719472132476,-0.04895980321810201
strain.337,-0.10756468865101666,0.0,0.0,0.0,0.0,0.0
strain.338,0.39424887119625535,0.0,0.0011277835881617967,0.0,0.0,0.0
strain.339,0.0,0.0,0.0,0.0,0.0,0.0
strain.34,-0.0032484407457046105,0.0,0.0,0.0,0.22462941336368553,0.0
strain.340,0.0,0.0,0.0,0.0,0.0,0.0
strain.341,0.0,0.0,0.0,0.0,0.0,0.0
strain.342,-0.02286341222499045,0.0,0.0,0.0,0.0,0.032845020666710724
strain.343,0.6467666487373022,0.0,0.0,0.4131590398299442,0.0,-0.28485415684658694
strain.344,0.0,0.0,0.0,0.26976298840426227,0.0,0.0
strain.345,-0.036928097113503804,0.0,0.0,0.0,0.0,0.0
strain.346,0.0,0.0,0.0,-0.033086477637028724,0.0,0.0
strain.347,0.0,0.0,-0.25565000943605265,0.0,0.026270482251985583,0.0
strain.348,0.3449969938936508,0.3869977453272341,0.0,0.0,0.0,0.0
strain.349,-0.3674527665173041,-0.30646829780192975,0.002205120585108587,0.0,0.3612248487072982,0.0
strain.35,0.0,0.0,0.002941574618614195,0.0,0.0,0.0
strain.350,-0.8971381740987657,0.11131332032986205,0.0,1.0509936254729901,-0.32005833784764554,0.4842124286946538
strain.351,0.0,0.0,0.0038994653427419667,0.0,-0.005214326620236935,0.0
strain.352,0.0,0.0,-1.7055834146797708e-05,0.0,-0.0008430235245808449,0.0
strain.353,0.002622596831660868,0.0,0.0013702511615403402,0.0,0.0,0.0
strain.354,0.18147615376151738,0.0,0.0,-0.4724042722248625,0.3243014464044978,-0.0019757261860450354
strain.355,0.0,0.0,0.01239257391311912,-1.175125366336333,-0.013682845157606312,0.07484722148208095
strain.356,0.0,0.0,0.0,-0.0010661923731878574,0.0,0.0
strain.357,0.0019971922733440957,0.0,0.006081465126629505,0.0,0.0,0.0009488995820514674
strain.358,0.0,0.0004795903132004499,-0.005140499583757296,0.013329597201894956,0.002543083820170466,0.0
strain.359,0.25210644372647095,0.006297972371743268,-0.0047034001254348725,0.0,-0.00041267348358232144,0.0
strain.36,-1.053085610567138,0.0,0.0,0.0,0.004826930594002927,0.0
strain.360,0.0,0.0,0.0,0.0,0.0,-6.524263996549539e-06
strain.361,0.25956200009948033,-0.07406576315738235,-0.2722316297333879,1.1700669819003984,-0.6027125930496193,0.0
strain.362,-0.47941969082580016,0.0,0.0,0.0,0.0,0.0
strain.363,-4.8988046386918875e-05,0.005509317158154239,0.0,0.5215739965768056,0.0,0.0
strain.364,0.24361341608582032,-0.9400520879682267,0.0,0.0,-1.6888118565906076,1.0773939796543792
strain.365,0.9324516233982362,0.0,0.0010605291019168274,0.0,-0.7273582765740445,0.23268533691759935
strain.366,0.0,0.0,0.0,0.013283801793104353,0.0,0.0
strain.367,-0.4964180886527833,9.460093692592361e-05,0.0,0.0035947062241913847,-0.21099018320088772,0.04929668577922588
strain.368,0.0,0.0,0.00020293809528685247,0.0,0.7678303838169758,-0.5845271773861231
strain.369,0.45735904454215187,0.0,0.0,0.0,0.0,0.0
strain.37,0.016908879912651303,-0.4669303910587329,0.0,0.015440376590971002,-0.012565612410962717,-0.08482425367672763
strain.370,0.0,0.0,0.0,0.07333115638095902,0.0,0.0
strain.371,0.04195890841056616,0.0,0.013120963972563194,-0.2324823070304311,0.38660503294330917,0.0
strain.372,-0.14546198563616042,0.0,0.030714887578592975,0.0,0.0,0.8510169519034065
strain.373,-0.012206850151184155,0.0,0.19911106303454487,0.0160437241671467,-0.006458674035271716,0.0
strain.374,0.2820178648881929,-0.3177725224237921,-0.3907313654835699,0.9722554697676763,0.48056216592254625,-0.48055291249502485
strain.375,-0.018198074162422587,0.0,0.006724689900707696,0.0,0.0,0.0
strain.376,0.0,0.0,0.0,0.006874129794674411,0.0,0.0029697113320889157
strain.377,0.0,0.0,0.0,0.001976568746821127,-0.001534272881599164,0.0
strain.378,0.0,0.0,-0.005393412415918284,0.0,-0.26573850265654186,0.0
strain.379,-0.5651838247159876,0.0,0.09303344136183701,0.26179052640513656,-0.00026105734584404256,0.0017054141078933689
strain.38,0.0,0.0,0.0,0.0,0.0,0.0
strain.380,0.0,0.0,0.0,0.10515883841865485,-0.12703746412942046,0.0
strain.381,0.21540576202156164,0.0,0.0001011972172574325,-0.6565649711851121,0.0,-0.0017359985262135429
strain.382,0.0,-0.00051942490364187,0.0,0.0022150145153749592,0.0,0.0
strain.383,0.0,0.0,0.0,0.0,0.0,0.0
strain.384,-0.0023577099455381768,0.0,0.0,0.001683221516954716,0.0,0.0
strain.385,-0.5238528675801176,0.0006945243808671868,0.0,0.08955131900883952,-0.0006636100533321018,0.9874768221505474
strain.386,0.0,0.0,0.0,0.0,0.0026700057433529027,0.0
strain.387,0.05778218883840167,0.0,0.0,0.0,0.0,0.0
strain.388,-0.30778959947097584,0.0,0.12414903810594477,0.0651774390330519,0.0,0.0
strain.389,-0.04274778546072295,0.0,0.0,0.16451657424525706,0.0,0.0
strain.39,0.2819830648759953,0.0,0.002627420816337973,0.0,-0.040897203114785494,0.0
strain.390,0.0,0.0,0.0,0.0,0.0,0.0
strain.391,-0.00041984063631101066,0.02606123188534314,-0.0031050302484677285,0.5456941792040723,-0.7146541540829658,-0.0019100281410397671
strain.392,-0.00611837303776716,1.283197504913122,0.0,0.0,0.19865838113781248,0.0
strain.393,0.0,0.0,0.0007456495100611291,0.0,0.0,0.0
strain.394,9.417005808733274e-06,0.0,0.0007039133435472588,-0.3151521714891038,-0.32647648045214644,-0.006388279753355759
strain.395,0.00521575291845049,-0.001767656975853463,0.0,0.008514999476994004,0.0,0.026453696711790237
strain.396,1.7064345197449722,0.0,0.0,-1.3980682448989035,0.0,0.0
strain.397,0.0,0.0,0.0,0.0,-0.00218056383610191,0.0019594544597525084
strain.398,0.0,0.0010122437929877318,-0.009239859274803334,0.0,0.0,0.0
strain.399,0.4691621250750468,0.0,0.006711499916579741,0.008350085957529068,-1.1913127452222996,0.0
strain.4,-0.0013067925731332065,0.0,0.0,0.004509983818143233,0.0,0.0
strain.40,0.0,0.0,-0.6216910324788856,0.0,0.0,0.0
strain.400,0.0,0.0,0.0,0.0,0.0,0.0
strain.401,-0.002201826578475747,0.0,0.0,0.0,0.1519521331345879,-0.0016214020762341703
strain.402,-0.0007977549125899387,0.0,0.0,0.0,0.0,0.0
strain.403,0.0,0.0,0.0,0.009746185069487988,-0.39325926593475136,0.0
strain.404,0.0,0.0,-0.0031758331560775123,0.0,0.41291007443059347,0.0
strain.405,-1.7858308556675542,0.003894079895802646,0.9514288366419311,0.0,0.0,0.05346572568096333
strain.406,-0.198137983447423,0.0,0.0,0.0,1.1597127409113035,-0.6230994195025392
strain.407,0.0001423521324576144,0.0,0.0,0.0,0.019572001088641457,0.0
strain.408,0.4692001570750332,0.0,0.0,0.0,-0.12179273433176738,-0.31470488813708747
strain.41,0.0,0.0,0.0,-0.9542919468753318,0.006978985920708891,0.0009061521614775313
strain.414,0.03830235248545628,0.0,0.0,-0.0005205652111692836,0.0,0.0
strain.415,0.02137642153112275,0.05139847579127486,0.0,0.0,0.0,0.0
strain.416,-0.7878423273646288,0.9114420691463632,0.0,1.8276750670875155,0.0,-0.773280069729706
strain.418,-0.001556186430437216,0.0,0.0,2.3484118122175057,-0.0002704460957222811,-0.36266964924667294
strain.42,0.0,0.0,0.0,0.03666832070002358,0.0,0.0
strain.420,0.0005458123746382607,0.0,0.0,-0.003254880473345061,-0.03904886714355014,0.0
strain.423,-0.6834682730908802,0.011532143752221027,0.25704174975143507,0.0,0.0,0.3056957291029869
strain.424,-0.10688945105915018,-0.2951708806126321,0.0,0.2404307838254989,0.0,1.168993982541049
strain.425,0.0,0.0,0.0,-0.022646154368148524,0.0,0.0
strain.426,-1.4536159740293366,0.0,0.0,0.0,0.0,0.0
strain.427,0.0036653367398485175,-0.003420393137652901,0.0,0.0,-0.4820119910175426,0.0
strain.428,0.5307181192774191,0.0,-0.0023464340046414215,0.0,-0.47081264967192143,-0.0972271766925989
strain.43,0.008706603861834219,0.0,0.0,0.0,0.0,0.0
strain.430,1.0916314871618815,-0.5630499026150456,0.0,-0.027705272443277303,0.5220693512214566,-0.7414613421423237
strain.431,0.017874525039938506,0.0,-0.1474815923016307,0.0,-0.012934925371018412,0.0
strain.432,0.6655928851980919,0.0,0.0,-1.3865273247410397,-0.003999191480523591,0.5325522938033366
strain.433,0.028420130166613388,0.01727792455812151,0.0,-0.14306496591515067,-0.713895625094809,0.439540980948731
strain.436,-0.005928826824252251,0.0,0.0,0.0,0.0,0.0
strain.437,0.0,0.0,0.0,0.0,0.0,0.0
strain.44,-2.2534086604503445,0.0,0.4268098246569991,0.034715113561975236,0.4558213467523403,0.726745297726226
strain.45,0.975131549100041,0.0,0.0,0.0,0.0,0.0
strain.46,-0.2534270757250708,0.09339176053106757,0.0,0.0,-0.10511078317607997,0.008261779671066265
strain.47,0.0,0.0,0.0,-0.8456505991134794,0.0,0.22403854549809712
strain.48,0.0,0.0,0.0,0.0,0.0,0.0
strain.49,0.29034870752696396,0.0,-0.13532418734828447,0.0,0.0007932333325375782,-0.2478199250851146
strain.5,-0.5031266105415128,0.0,0.0,0.012632207030687695,0.12862033240502316,0.047078032586411606
strain.50,0.0,0.0,0.0,-0.0060211333500985505,0.0,0.0
strain.51,-0.05033463802519178,0.0,-0.027066603499286267,0.0,0.3697877854972912,0.0
strain.52,-2.4170800236285068e-05,0.0,-0.0031636269760110707,0.0,0.0,0.0
strain.53,0.0,0.0,0.0,-0.15711285156750524,0.0,0.0
strain.54,0.0,0.0,0.0,0.0,0.0,0.0
strain.55,0.0,0.0,-0.03611621904317597,0.0,0.0027724114867803697,0.0
strain.56,0.008493287298409202,0.0,0.0,-0.002874574982756588,0.0,-0.010343907293379057
strain.57,0.0,0.0,0.0,0.0,0.0,0.0
strain.58,0.0,-0.12146914491871164,0.0,-0.0007952446864174735,0.040801448824661454,0.0
strain.59,0.0,0.0,0.0,0.0,0.0,-0.0025678987938371907
strain.6,0.004411433338472193,0.0,0.0,0.0,0.0,0.0
strain.60,-0.25245640864247254,0.0,0.0,0.0,0.0020933306256364684,0.0
strain.61,0.0,0.021240391574293225,0.0,0.02315370787224521,-0.9870091116045572,0.0
strain.62,0.0,0.0,0.0,0.0,0.0,0.025882681038370305
strain.63,-0.17729584272204166,0.0018480252933795172,-0.00045038199465075187,0.34006578299597673,0.957531353846008,-1.5758062153639756
strain.64,-0.27766743320191223,0.0,0.17627437332338275,-0.14217456923877603,0.0032909120370734762,0.01954101563484881
strain.65,0.9954828618723963,0.0,0.005344333715069826,0.021285095482123245,-1.8651898893169552,0.001328719554539103
strain.66,0.0,0.0,0.0,-0.41596684487875984,0.6072969432085218,-0.3704081816695749
strain.67,-0.02471177817839888,0.0,0.0,0.0,0.0,0.02087453323835244
strain.68,0.0024743681779452933,0.0,0.0,0.0,0.0,0.0
strain.69,0.12608024630551382,-0.0037283432403714166,0.0,0.0012136228404606689,-0.32769356035373404,0.0014932880200736818
strain.7,0.0,0.4685017511754671,-6.306709233997654e-05,-0.0007136232585246226,0.04089340435258813,-0.06284115827986318
strain.70,0.13165517702741786,0.004082382286790818,0.0,0.0,-0.007790453920231375,-0.0008140414229292265
strain.71,0.015199619595951907,0.0,0.00025321939705526524,0.5480274212743207,0.0,-0.7330721151263055
strain.72,-0.01688952407124971,-0.629815984968696,0.0003446949695395657,0.0,0.0011188069113233646,0.0
strain.73,0.0,0.0,0.0,0.0,-0.26768466019669135,0.0
strain.74,-0.0005745828917700705,0.0,0.0,0.0,0.0,-0.016858373282290656
strain.75,0.0,0.08381515359291322,0.012734757058000892,0.0,0.0,-0.0011774645211375188
strain.76,-0.08847956705696791,0.0,0.0,0.0,0.0,0.0
strain.77,-0.11453621998746659,0.0,0.0,0.0,0.17788188428619164,0.0
strain.78,0.0,0.0,0.0,-0.18853770771011633,0.0,0.0
strain.79,0.1672550171887595,0.0,-0.00793353513905022,-0.08069534897517362,0.0,-0.0013785189063991008
strain.8,-0.0060726898123855165,0.0,0.0,0.13410403946444716,0.0,0.0
strain.80,-0.04544346210590176,0.0,0.6756921900184755,-0.126173669102352,-0.030354529661283467,-0.0013218191580133874
strain.81,0.6080891775271725,0.0,0.0,0.0,-0.3843150501503428,-0.14477543756054692
strain.82,0.0,0.0,0.0,0.0,0.0,0.0
strain.83,0.0,0.0,0.37183282388172345,-0.0289860771620229,0.0,0.7293002227237897
strain.84,-0.5829706755842916,0.0,0.004248724130529168,0.9021230640234642,0.0,0.0
strain.85,-0.042278283860876086,0.0,0.0,0.0,0.0,0.0
strain.86,1.394813385380373,0.0,0.0,-0.026092546693819416,-0.0046481142665213675,0.003589637981207765
strain.87,0.0,0.002203027812723742,0.16264731875245902,0.0,0.0,-0.001775708514482579
strain.88,-0.05420495644183069,0.0,0.005550561429366792,0.0,0.0,0.47326606831663887
strain.89,0.0,0.08043239021886905,0.00033943535581863917,0.0,0.0,0.0
strain.9,0.015229279324728564,0.0,0.0,0.0,-0.817967285995606,0.20166730166005936
strain.90,-0.04576516869806544,0.21826380745377713,0.0,0.0,0.0,-0.9171873086168876
strain.91,0.0,0.0,0.0,0.0,0.0,0.0
strain.92,-0.3497682577956672,0.0009020636474180565,-0.2683028740581287,0.0003267620935962383,0.20326072733655093,0.0
strain.93,0.21905434985198804,0.0,0.0,-0.19264022602428785,0.7450063106337836,-0.817948841577812
strain.94,-0.3671964869571467,0.0,0.0,0.0,0.028199185067440125,0.0
strain.95,0.5824177070844335,0.0,0.0,0.0,-0.07707126183221509,0.0
strain.96,0.0,0.0,0.0,0.0,0.0,0.0
strain.97,-0.003948287409333037,0.0,0.0,0.0,0.4446862466346593,0.0009477162181598428
strain.98,-0.005289435742535055,0.0,0.0,0.0,0.0,-0.0027220939244779114
strain.99,-0.06317838497549191,0.9031446303303189,0.3097327798006532,-0.061068016570791195,0.037090894851969015,-0.4009322243137106
Conc.rank,-0.1729650821329515,-1.2141019592212272,-0.7339583526184411,-0.9834025565868412,-0.39731100132580766,-0.820664827104585
