Exp,Drug,Conc,R1,R2,R3,R4,R5,R6
HypoIII,drug_0,8xMIC,0.2876,0.553,0.7734,0.5185,0.5649,0.6715
HypoIII,drug_0,4xMIC,0.2796,0.6334,0.4026,0.5253,0.6317,0.6409
HypoIII,drug_0,2xMIC,0.6709,0.7067,0.7536,0.7634,0.7847,0.7717
HypoIII,drug_0,1xMIC,0.6768,0.8807,0.8459,0.9099,0.8927,0.8619
HypoIII,drug_0,0.5xMIC,0.894,0.9431,0.8165,0.9041,0.9121,0.8799
HypoIII,drug_0,0.25xMIC,0.8841,0.9352,0.9917,0.9324,1.0334,0.938
HypoIII,drug_0,0.125xMIC,0.8929,0.7699,0.8256,0.9274,0.9139,0.925
HypoIII,drug_0,0.000xMIC,0.8485,0.8836,1.06,0.9194,0.9105,1.0767
HypoIII,drug_1,8xMIC,0.104,0.0994,0.1079,0.1145,0.1167,0.1123
HypoIII,drug_1,4xMIC,0.1079,0.1111,0.1266,0.1306,0.1295,0.1257
HypoIII,drug_1,2xMIC,0.1249,0.1665,0.1339,0.1309,0.1589,0.1493
HypoIII,drug_1,1xMIC,0.2185,0.3727,0.4214,0.4352,0.4461,0.3722
HypoIII,drug_1,0.5xMIC,0.601,0.6248,0.6415,0.5439,0.5873,0.6548
HypoIII,drug_1,0.25xMIC,0.525,0.6004,0.7599,0.7117,0.7348,0.6967
HypoIII,drug_1,0.125xMIC,0.7126,0.6849,0.8045,0.7744,0.7902,0.7771
HypoIII,drug_1,0.000xMIC,0.8779,0.8657,0.9229,1.0435,0.9088,0.9837
HypoIII,drug_10,8xMIC,0.8392,0.7842,0.8326,0.9432,0.9735,0.8582
HypoIII,drug_10,4xMIC,0.9124,0.965,0.9033,0.9152,0.8449,0.9289
HypoIII,drug_10,2xMIC,0.9736,0.9439,0.9673,0.9387,1.0685,0.98
HypoIII,drug_10,1xMIC,1.1437,1.0542,0.9956,0.9057,1.0077,1.0406
HypoIII,drug_10,0.5xMIC,0.8587,0.8941,1.0148,0.967,0.9947,0.9116
HypoIII,drug_10,0.25xMIC,0.9189,0.9179,0.8192,0.938,1.0698,1.0491
HypoIII,drug_10,0.125xMIC,0.8443,0.9559,0.9906,0.9135,1.0114,0.9144
HypoIII,drug_10,0.000xMIC,0.885,0.9791,0.9144,0.8852,1.0447,0.8298
HypoIII,drug_11,8xMIC,0.1992,0.1962,0.1834,0.1886,0.193,0.2001
HypoIII,drug_11,4xMIC,0.4069,0.389,0.3887,0.4252,0.4281,0.4154
HypoIII,drug_11,2xMIC,0.8158,0.8905,0.8897,0.8926,0.8778,0.8823
HypoIII,drug_11,1xMIC,0.8238,0.8195,0.9224,0.895,0.763,0.8679
HypoIII,drug_11,0.5xMIC,0.8248,0.797,0.8732,0.9214,0.9454,1.0073
HypoIII,drug_11,0.25xMIC,0.8923,0.8958,0.9256,0.8679,0.9351,1.0097
HypoIII,drug_11,0.125xMIC,0.8621,0.8828,0.9109,1.0359,1.1671,1.0121
HypoIII,drug_11,0.000xMIC,1.0477,1.1779,1.0595,1.1535,1.1401,1.0573
HypoIII,drug_12,8xMIC,0.1973,0.1926,0.1826,0.1832,0.1248,0.173
HypoIII,drug_12,4xMIC,0.3445,0.3384,0.3427,0.4202,0.5604,0.7718
HypoIII,drug_12,2xMIC,0.503,0.4986,0.5295,0.5025,0.516,0.4931
HypoIII,drug_12,1xMIC,0.7291,0.685,0.7056,0.7394,0.7196,0.7043
HypoIII,drug_12,0.5xMIC,0.8765,1.0395,0.9703,0.9443,0.8384,0.8666
HypoIII,drug_12,0.25xMIC,1.1224,1.0177,1.0872,0.9784,0.9838,1.0389
HypoIII,drug_12,0.125xMIC,1.0413,1.1174,1.0815,0.8316,1.0425,1.1439
HypoIII,drug_12,0.000xMIC,0.9804,1.0646,1.0283,1.213,1.1262,1.2265
HypoIII,drug_13,8xMIC,1.1952,0.9961,1.0743,0.946,0.9579,1.106
HypoIII,drug_13,4xMIC,1.1652,0.9367,1.0272,1.1871,1.1003,1.0188
HypoIII,drug_13,2xMIC,1.154,1.016,0.9787,1.0,1.2199,1.0298
HypoIII,drug_13,1xMIC,1.1033,1.098,1.0189,1.0713,1.0929,1.0509
HypoIII,drug_13,0.5xMIC,0.9315,1.0043,1.1959,1.1402,1.0057,1.0069
HypoIII,drug_13,0.25xMIC,1.0914,1.0951,1.1381,0.9786,1.0088,1.0029
HypoIII,drug_13,0.125xMIC,1.1382,1.1197,0.9701,1.0842,1.0762,0.9516
HypoIII,drug_13,0.000xMIC,1.1501,0.9867,1.0424,0.9527,1.0063,0.9475
HypoIII,drug_14,8xMIC,0.2369,0.2301,0.1644,0.1672,0.1571,0.1638
HypoIII,drug_14,4xMIC,0.3369,0.3188,0.3371,0.3461,0.3184,0.304
HypoIII,drug_14,2xMIC,0.4231,0.4764,0.4575,0.494,0.4475,0.3801
HypoIII,drug_14,1xMIC,0.5658,0.5746,0.6342,0.6399,0.6813,0.6192
HypoIII,drug_14,0.5xMIC,0.8389,0.7831,0.8116,0.6482,0.7839,0.7425
HypoIII,drug_14,0.25xMIC,0.8241,0.8579,0.9012,1.0106,0.9372,0.955
HypoIII,drug_14,0.125xMIC,1.1588,1.034,1.1071,1.1106,1.0723,1.0035
HypoIII,drug_14,0.000xMIC,1.1983,1.0006,1.1158,1.0549,1.0294,1.0056
HypoIII,drug_15,8xMIC,0.1368,0.1414,0.1337,0.9481,0.9822,0.1305
HypoIII,drug_15,4xMIC,0.1554,0.1476,0.1563,0.1628,0.1494,0.5312
HypoIII,drug_15,2xMIC,0.3208,0.3374,0.3346,0.3122,0.2997,0.2723
HypoIII,drug_15,1xMIC,0.6656,0.6685,0.6738,0.687,0.6387,0.6401
HypoIII,drug_15,0.5xMIC,0.8158,0.8617,0.9133,0.8579,0.8251,1.0056
HypoIII,drug_15,0.25xMIC,0.93,0.9281,0.9544,0.9475,0.9231,0.8878
HypoIII,drug_15,0.125xMIC,0.9391,0.9052,0.9459,0.957,0.8792,0.8961
HypoIII,drug_15,0.000xMIC,1.184,0.9375,1.1765,1.1972,1.1897,1.1896
HypoIII,drug_16,8xMIC,0.125,0.1215,0.1164,0.1241,0.1182,0.1157
HypoIII,drug_16,4xMIC,0.1236,0.1171,0.1213,0.1172,0.1178,0.1199
HypoIII,drug_16,2xMIC,0.1258,0.1222,0.1253,0.1217,0.1132,0.1097
HypoIII,drug_16,1xMIC,0.1259,0.1306,0.1272,0.1379,0.1324,0.12
HypoIII,drug_16,0.5xMIC,0.1443,0.1432,0.1341,0.1401,0.1309,0.1339
HypoIII,drug_16,0.25xMIC,0.1544,0.1517,0.1478,0.1498,0.1453,0.152
HypoIII,drug_16,0.125xMIC,0.2336,0.2273,0.2456,0.2277,0.2252,0.1799
HypoIII,drug_16,0.000xMIC,0.9899,1.0677,1.0334,0.9904,1.0551,0.9765
HypoIII,drug_17,8xMIC,0.222,0.2245,0.2303,0.2022,0.2421,0.2166
HypoIII,drug_17,4xMIC,0.3349,0.3297,0.3441,0.345,0.3299,0.3521
HypoIII,drug_17,2xMIC,0.3935,0.4379,0.4578,0.4003,0.4487,0.4834
HypoIII,drug_17,1xMIC,0.4851,0.4506,0.5462,0.5271,0.5082,0.5397
HypoIII,drug_17,0.5xMIC,0.5813,0.5819,0.6043,0.6043,0.5324,0.5568
HypoIII,drug_17,0.25xMIC,0.6762,0.7015,0.6714,0.6796,0.6867,0.6255
HypoIII,drug_17,0.125xMIC,0.675,0.7169,0.7116,0.7633,0.7687,0.6404
HypoIII,drug_17,0.000xMIC,1.004,1.0109,1.0266,0.9777,0.9833,0.9386
HypoIII,drug_18,8xMIC,0.1706,0.1794,0.171,0.1658,0.1677,0.1508
HypoIII,drug_18,4xMIC,0.1968,0.1886,0.1834,0.1694,0.1595,0.1595
HypoIII,drug_18,2xMIC,0.3855,0.4481,0.336,0.4577,0.2714,0.2645
HypoIII,drug_18,1xMIC,0.6904,0.669,0.6459,0.683,0.7103,0.62
HypoIII,drug_18,0.5xMIC,0.8233,0.794,0.8696,0.7602,0.8439,0.8033
HypoIII,drug_18,0.25xMIC,0.8062,0.9161,1.0453,0.9706,0.9065,1.0369
HypoIII,drug_18,0.125xMIC,0.9832,1.0575,1.1323,1.154,1.0808,0.9689
HypoIII,drug_18,0.000xMIC,1.0291,1.1364,1.1443,1.2276,0.9831,1.014
HypoIII,drug_19,8xMIC,0.1751,0.1722,0.1749,0.1639,0.1663,0.1565
HypoIII,drug_19,4xMIC,0.2591,0.1794,0.1903,0.3272,0.2714,0.1966
HypoIII,drug_19,2xMIC,0.8207,0.6829,0.8161,0.7369,0.6532,0.7246
HypoIII,drug_19,1xMIC,1.0574,1.037,0.981,1.0095,1.0365,0.9902
HypoIII,drug_19,0.5xMIC,0.9032,1.0927,0.9791,1.0764,1.053,0.8687
HypoIII,drug_19,0.25xMIC,0.9713,1.0337,0.9974,1.0455,1.0779,1.0098
HypoIII,drug_19,0.125xMIC,0.9974,0.9721,0.9959,1.1042,1.0379,0.9924
HypoIII,drug_19,0.000xMIC,1.0465,0.9893,0.9653,1.0202,1.0557,1.0099
HypoIII,drug_2,8xMIC,0.2813,0.2553,0.3378,0.3489,0.3153,0.2574
HypoIII,drug_2,4xMIC,0.468,0.4184,0.3906,0.37,0.4396,0.4932
HypoIII,drug_2,2xMIC,0.6238,0.7544,0.6642,0.8913,0.7765,0.8358
HypoIII,drug_2,1xMIC,1.0463,1.1353,1.1636,1.1592,1.1765,1.0596
HypoIII,drug_2,0.5xMIC,1.0606,0.9763,0.9713,1.0075,0.9276,1.0088
HypoIII,drug_2,0.25xMIC,1.0043,1.0654,1.0923,1.1061,1.0101,0.9515
HypoIII,drug_2,0.125xMIC,0.8763,0.9584,0.9799,1.042,1.0019,1.0377
HypoIII,drug_2,0.000xMIC,1.1332,1.0603,1.0754,1.1402,0.9952,1.0369
HypoIII,drug_20,8xMIC,0.4491,0.4367,0.4107,0.4461,0.41,0.4045
HypoIII,drug_20,4xMIC,0.6462,0.6069,0.5289,0.547,0.6026,0.5461
HypoIII,drug_20,2xMIC,0.9594,0.9914,0.9819,0.9984,0.9447,0.9863
HypoIII,drug_20,1xMIC,0.9412,1.0201,1.0692,1.0334,1.0199,0.9904
HypoIII,drug_20,0.5xMIC,0.9903,0.9399,0.9209,1.0631,1.0237,0.9878
HypoIII,drug_20,0.25xMIC,0.9972,1.1984,1.0311,1.0302,1.0317,1.0459
HypoIII,drug_20,0.125xMIC,1.0484,1.0095,1.0431,1.0066,1.082,0.9968
HypoIII,drug_20,0.000xMIC,0.9919,1.0372,1.0067,1.1162,0.9937,0.9334
HypoIII,drug_21,8xMIC,0.3437,0.416,0.4194,0.1828,0.385,0.2058
HypoIII,drug_21,4xMIC,0.4378,0.5133,0.5029,0.4628,0.4879,0.4625
HypoIII,drug_21,2xMIC,0.6627,0.6613,0.7433,0.618,0.7076,0.682
HypoIII,drug_21,1xMIC,0.8514,0.8387,0.7905,0.9874,0.9102,0.7929
HypoIII,drug_21,0.5xMIC,1.0631,1.229,1.0847,1.0902,1.1242,1.1893
HypoIII,drug_21,0.25xMIC,1.059,1.0559,1.2207,1.2498,1.1775,1.1473
HypoIII,drug_21,0.125xMIC,1.2287,1.3865,1.1944,1.0954,1.0974,1.1939
HypoIII,drug_21,0.000xMIC,1.0812,1.0055,1.1731,1.1254,0.9871,0.982
HypoIII,drug_22,8xMIC,0.1173,0.1276,0.1112,0.1309,0.1381,0.1444
HypoIII,drug_22,4xMIC,0.1347,0.1498,0.2054,0.1601,0.1459,0.162
HypoIII,drug_22,2xMIC,1.0673,0.9303,0.7673,0.8317,0.6942,0.6947
HypoIII,drug_22,1xMIC,1.2905,1.3044,1.2423,1.1525,1.0589,0.9991
HypoIII,drug_22,0.5xMIC,1.2447,1.2385,1.2333,1.2609,1.1695,1.1191
HypoIII,drug_22,0.25xMIC,1.2078,1.2015,1.3534,1.3386,1.3184,1.2132
HypoIII,drug_22,0.125xMIC,1.3367,1.2993,1.2771,1.2066,1.1368,1.069
HypoIII,drug_22,0.000xMIC,1.2458,1.1861,0.9939,1.0715,1.1234,1.0027
HypoIII,drug_23,8xMIC,0.1309,0.1257,0.1372,0.1341,0.1651,0.1296
HypoIII,drug_23,4xMIC,0.1446,0.1489,0.1573,0.139,0.153,0.1592
HypoIII,drug_23,2xMIC,0.1854,0.1604,0.2055,0.2239,0.1573,0.1594
HypoIII,drug_23,1xMIC,0.4835,0.4546,0.429,0.38,0.3566,0.3446
HypoIII,drug_23,0.5xMIC,0.8237,0.7157,0.7432,0.7094,0.6925,0.7203
HypoIII,drug_23,0.25xMIC,0.9694,1.007,0.8977,0.9577,0.9371,0.8821
HypoIII,drug_23,0.125xMIC,0.9535,1.0471,0.9763,1.0198,0.9859,1.0371
HypoIII,drug_23,0.000xMIC,1.1234,1.1495,1.0849,1.1242,1.1243,1.0613
HypoIII,drug_24,8xMIC,0.1563,0.1569,0.1543,0.1387,0.1482,0.1263
HypoIII,drug_24,4xMIC,0.174,0.1512,0.1477,0.1413,0.1348,0.1321
HypoIII,drug_24,2xMIC,0.2651,0.2613,0.1762,0.155,0.1558,0.1534
HypoIII,drug_24,1xMIC,0.5224,0.531,0.5407,0.507,0.4844,0.4587
HypoIII,drug_24,0.5xMIC,0.8752,0.8174,0.8643,0.7518,0.7436,0.7495
HypoIII,drug_24,0.25xMIC,0.8616,0.9128,0.9949,0.9196,0.9158,0.8942
HypoIII,drug_24,0.125xMIC,1.0098,0.9324,1.0138,1.062,1.0049,0.9754
HypoIII,drug_24,0.000xMIC,1.0311,0.9547,1.0305,1.0525,0.901,0.9227
HypoIII,drug_25,8xMIC,0.1452,0.1408,0.1327,0.136,0.119,0.1154
HypoIII,drug_25,4xMIC,0.1734,0.1545,0.159,0.1553,0.1473,0.133
HypoIII,drug_25,2xMIC,0.2478,0.1521,0.1395,0.1323,0.1442,0.1207
HypoIII,drug_25,1xMIC,0.4599,0.4383,0.4011,0.4296,0.3948,0.3798
HypoIII,drug_25,0.5xMIC,0.7409,0.7722,0.7162,0.7773,0.7718,0.6533
HypoIII,drug_25,0.25xMIC,0.93,0.9338,0.8503,0.9088,0.9645,0.8794
HypoIII,drug_25,0.125xMIC,0.9812,0.9671,0.9934,1.0223,1.022,0.9526
HypoIII,drug_25,0.000xMIC,1.0785,1.1435,1.1495,1.0188,1.0735,1.0792
HypoIII,drug_26,8xMIC,0.1263,0.1126,0.1265,0.1035,0.1054,0.0946
HypoIII,drug_26,4xMIC,0.1302,0.1323,0.1178,0.1317,0.1276,0.1153
HypoIII,drug_26,2xMIC,0.1469,0.1186,0.1296,0.1207,0.1101,0.1016
HypoIII,drug_26,1xMIC,0.205,0.2345,0.2048,0.1694,0.1935,0.1198
HypoIII,drug_26,0.5xMIC,0.6421,0.5958,0.6833,0.5387,0.524,0.5512
HypoIII,drug_26,0.25xMIC,1.074,0.9057,1.0519,1.055,0.9293,0.9019
HypoIII,drug_26,0.125xMIC,0.9327,1.0959,1.0069,1.0194,0.9536,0.8602
HypoIII,drug_26,0.000xMIC,1.0509,0.9781,1.0427,1.0296,0.9545,1.0072
HypoIII,drug_27,8xMIC,0.1116,0.1037,0.1017,0.115,0.1013,0.1045
HypoIII,drug_27,4xMIC,0.1037,0.1141,0.1007,0.1027,0.1023,0.1135
HypoIII,drug_27,2xMIC,0.1112,0.1048,0.103,0.1056,0.1118,0.1092
HypoIII,drug_27,1xMIC,0.1588,0.1428,0.1406,0.1208,0.1309,0.1288
HypoIII,drug_27,0.5xMIC,0.7099,0.7127,0.3953,0.6566,0.7067,0.2668
HypoIII,drug_27,0.25xMIC,0.7594,0.8311,0.8173,0.797,0.7887,0.7638
HypoIII,drug_27,0.125xMIC,0.9399,0.9492,0.8897,0.9115,0.9157,0.8781
HypoIII,drug_27,0.000xMIC,1.0125,1.0273,1.0008,0.9488,0.9162,0.9737
HypoIII,drug_28,8xMIC,0.3963,0.4698,0.4048,0.2374,0.1854,0.1618
HypoIII,drug_28,4xMIC,0.5583,0.5351,0.6841,0.6621,0.5369,0.5505
HypoIII,drug_28,2xMIC,0.9743,0.9167,0.9293,0.8365,0.7789,0.7655
HypoIII,drug_28,1xMIC,1.194,1.0527,1.1426,0.9429,0.9016,0.8294
HypoIII,drug_28,0.5xMIC,0.9441,1.3171,1.0494,0.8625,0.9268,0.9784
HypoIII,drug_28,0.25xMIC,1.3654,1.3747,1.3334,1.1419,1.064,1.0452
HypoIII,drug_28,0.125xMIC,1.1757,1.2312,1.0766,1.273,1.1878,0.8951
HypoIII,drug_28,0.000xMIC,1.2668,1.3173,1.0076,1.0314,1.0504,1.0758
HypoIII,drug_29,8xMIC,0.1034,0.1157,0.1009,0.1038,0.1247,0.0982
HypoIII,drug_29,4xMIC,0.1118,0.1124,0.0996,0.1404,0.1539,0.1065
HypoIII,drug_29,2xMIC,0.1976,0.1598,0.1848,0.1674,0.1053,0.109
HypoIII,drug_29,1xMIC,0.2637,0.28,0.2945,0.2437,0.2546,0.2511
HypoIII,drug_29,0.5xMIC,0.9466,0.854,1.0099,0.7438,0.6984,0.6046
HypoIII,drug_29,0.25xMIC,1.0979,0.9758,0.8961,0.9561,0.9989,0.9033
HypoIII,drug_29,0.125xMIC,1.1828,1.0104,1.1818,1.1259,1.1687,1.122
HypoIII,drug_29,0.000xMIC,1.0745,1.2762,0.9194,1.1358,1.1656,0.9056
HypoIII,drug_3,8xMIC,0.0887,0.0887,0.0941,0.1114,0.1303,0.1259
HypoIII,drug_3,4xMIC,0.0899,0.0887,0.1061,0.1208,0.1107,0.1228
HypoIII,drug_3,2xMIC,0.1221,0.1449,0.1626,0.1507,0.1491,0.1729
HypoIII,drug_3,1xMIC,0.3473,0.4051,0.3399,0.3971,0.3935,0.3868
HypoIII,drug_3,0.5xMIC,0.7584,0.7315,0.7542,0.8257,0.9642,0.9213
HypoIII,drug_3,0.25xMIC,0.8177,0.8387,0.8092,0.8375,0.865,0.7899
HypoIII,drug_3,0.125xMIC,0.8729,0.9541,0.9086,0.8798,0.8345,0.8992
HypoIII,drug_3,0.000xMIC,0.8994,0.98,0.9721,0.8751,1.0263,0.8501
HypoIII,drug_30,8xMIC,0.1225,0.1201,0.1247,0.1077,0.121,0.1344
HypoIII,drug_30,4xMIC,0.1198,0.1029,0.1149,0.1166,0.1201,0.1112
HypoIII,drug_30,2xMIC,0.13,0.1173,0.1254,0.1353,0.1163,0.129
HypoIII,drug_30,1xMIC,0.2256,0.3059,0.1978,0.1569,0.2058,0.1676
HypoIII,drug_30,0.5xMIC,0.6875,0.7088,0.7737,0.7515,0.3937,0.3084
HypoIII,drug_30,0.25xMIC,1.0171,0.9406,0.7654,0.9035,0.7622,0.6741
HypoIII,drug_30,0.125xMIC,1.0324,0.9251,0.9439,1.1029,0.8289,0.7989
HypoIII,drug_30,0.000xMIC,0.941,1.0712,0.9273,1.0428,0.9239,0.8381
HypoIII,drug_31,8xMIC,0.1173,0.1182,0.0932,0.1163,0.0897,0.0892
HypoIII,drug_31,4xMIC,0.1348,0.1239,0.1389,0.1413,0.1081,0.0956
HypoIII,drug_31,2xMIC,0.1385,0.1495,0.1192,0.1111,0.1235,0.1
HypoIII,drug_31,1xMIC,0.0945,0.1005,0.1235,0.1213,0.1048,0.0897
HypoIII,drug_31,0.5xMIC,0.4404,0.5011,0.4978,0.182,0.1117,0.1026
HypoIII,drug_31,0.25xMIC,0.7765,0.8886,0.7301,0.813,0.6334,0.6446
HypoIII,drug_31,0.125xMIC,0.9599,0.9566,0.9916,0.931,0.9812,0.8122
HypoIII,drug_31,0.000xMIC,0.8314,1.0663,0.9478,0.9448,1.0088,0.855
HypoIII,drug_32,8xMIC,0.1266,0.1282,0.1071,0.0956,0.0908,0.0939
HypoIII,drug_32,4xMIC,0.1061,0.1207,0.1295,0.0961,0.1295,0.0925
HypoIII,drug_32,2xMIC,0.1257,0.1048,0.0935,0.0905,0.0918,0.0918
HypoIII,drug_32,1xMIC,0.0964,0.0968,0.0998,0.0932,0.0927,0.092
HypoIII,drug_32,0.5xMIC,0.4887,0.4742,0.2475,0.2993,0.2701,0.279
HypoIII,drug_32,0.25xMIC,0.75,0.9961,0.6781,0.8133,0.683,0.6798
HypoIII,drug_32,0.125xMIC,1.0566,1.1059,0.8892,0.8574,1.1004,1.0611
HypoIII,drug_32,0.000xMIC,1.0216,1.0885,1.0506,1.0361,0.8763,0.8866
HypoIII,drug_33,8xMIC,0.1184,0.1166,0.1115,0.0982,0.0983,0.0959
HypoIII,drug_33,4xMIC,0.1385,0.0897,0.0991,0.1143,0.1147,0.0934
HypoIII,drug_33,2xMIC,0.4253,0.4345,0.3916,0.2453,0.106,0.1048
HypoIII,drug_33,1xMIC,0.5492,0.6736,0.604,0.4628,0.4553,0.4804
HypoIII,drug_33,0.5xMIC,0.8055,0.8108,0.7776,0.7387,0.7801,0.7917
HypoIII,drug_33,0.25xMIC,0.8519,0.9046,0.9303,0.8954,0.9038,0.9085
HypoIII,drug_33,0.125xMIC,0.8633,0.9624,0.9216,0.9278,0.8872,0.818
HypoIII,drug_33,0.000xMIC,1.0776,0.888,0.8824,0.9651,0.8031,0.8216
HypoIII,drug_34,8xMIC,0.145,0.1036,0.1074,0.1043,0.3244,0.2209
HypoIII,drug_34,4xMIC,0.1433,0.1995,0.1242,0.0938,0.0963,0.089
HypoIII,drug_34,2xMIC,0.1564,0.5306,0.2981,0.0978,0.0992,0.1002
HypoIII,drug_34,1xMIC,0.8822,0.9354,0.8027,0.678,0.8449,0.6494
HypoIII,drug_34,0.5xMIC,0.9442,0.8183,0.8534,0.8146,0.8242,0.7893
HypoIII,drug_34,0.25xMIC,0.9506,0.9853,0.9811,1.0193,0.9216,0.8379
HypoIII,drug_34,0.125xMIC,0.9742,1.0186,0.9094,1.0141,0.9783,0.944
HypoIII,drug_34,0.000xMIC,0.9276,0.9571,0.9236,0.9127,1.0381,0.9938
HypoIII,drug_35,8xMIC,0.1025,0.0978,0.0972,0.0918,0.0948,0.0916
HypoIII,drug_35,4xMIC,0.1085,0.1029,0.0987,0.0991,0.0902,0.0896
HypoIII,drug_35,2xMIC,0.1213,0.1241,0.0963,0.1076,0.0924,0.0917
HypoIII,drug_35,1xMIC,0.1575,0.1487,0.1312,0.1195,0.0954,0.0918
HypoIII,drug_35,0.5xMIC,0.6309,0.3905,0.4313,0.3827,0.3773,0.4126
HypoIII,drug_35,0.25xMIC,0.8227,0.8362,0.9113,0.8058,0.8595,0.8351
HypoIII,drug_35,0.125xMIC,0.8535,0.9428,0.9137,0.9088,0.8605,0.9787
HypoIII,drug_35,0.000xMIC,0.9853,0.9959,1.0038,0.9903,0.9334,0.9155
HypoIII,drug_36,8xMIC,0.0929,0.0914,0.095,0.0858,0.087,0.0871
HypoIII,drug_36,4xMIC,0.0928,0.1061,0.1059,0.0876,0.0872,0.0891
HypoIII,drug_36,2xMIC,0.0909,0.106,0.1031,0.0935,0.0904,0.0904
HypoIII,drug_36,1xMIC,0.3147,0.2774,0.2723,0.1208,0.1133,0.0969
HypoIII,drug_36,0.5xMIC,0.7563,0.4792,0.6003,0.5837,0.5019,0.4933
HypoIII,drug_36,0.25xMIC,0.8938,0.9112,0.9099,0.8552,0.7412,0.7523
HypoIII,drug_36,0.125xMIC,0.9109,0.893,0.9386,0.892,0.8467,0.8371
HypoIII,drug_36,0.000xMIC,0.9817,0.9506,0.8728,0.9206,0.8445,0.8203
HypoIII,drug_37,8xMIC,0.0986,0.0955,0.0915,0.0873,0.0886,0.0856
HypoIII,drug_37,4xMIC,0.1002,0.0935,0.0924,0.0871,0.0894,0.0857
HypoIII,drug_37,2xMIC,0.0963,0.088,0.0878,0.0882,0.0868,0.0876
HypoIII,drug_37,1xMIC,0.1036,0.0967,0.0939,0.0913,0.0854,0.0949
HypoIII,drug_37,0.5xMIC,0.0892,0.1044,0.0938,0.0916,0.094,0.0922
HypoIII,drug_37,0.25xMIC,0.6535,0.4528,0.4811,0.4266,0.414,0.4282
HypoIII,drug_37,0.125xMIC,0.988,0.929,0.8083,0.7587,0.7612,0.7786
HypoIII,drug_37,0.000xMIC,0.9706,1.1217,0.9273,0.9262,0.8765,0.8531
HypoIII,drug_38,8xMIC,1.0165,1.0764,1.0232,1.0015,0.8854,0.9613
HypoIII,drug_38,4xMIC,0.9474,0.9709,0.9963,1.0622,1.0603,1.0064
HypoIII,drug_38,2xMIC,1.0752,1.0215,0.9833,0.9102,0.9616,0.8721
HypoIII,drug_38,1xMIC,1.007,1.0736,0.8478,1.0197,0.9262,0.8977
HypoIII,drug_38,0.5xMIC,1.0341,1.0249,0.9598,0.978,1.0663,0.9414
HypoIII,drug_38,0.25xMIC,0.9194,0.9894,1.0037,0.9781,1.0031,0.9409
HypoIII,drug_38,0.125xMIC,0.9975,1.0031,0.9653,0.9914,0.97,0.9448
HypoIII,drug_38,0.000xMIC,1.0043,0.9718,0.95,0.9515,0.9771,0.8903
HypoIII,drug_39,8xMIC,0.4314,0.5091,0.3773,0.4938,0.4439,0.3909
HypoIII,drug_39,4xMIC,0.6041,0.6433,0.4938,0.6403,0.6099,0.6465
HypoIII,drug_39,2xMIC,0.7707,0.7647,0.7112,0.6462,0.6699,0.6726
HypoIII,drug_39,1xMIC,0.7739,0.7043,0.6937,0.7762,0.7333,0.7139
HypoIII,drug_39,0.5xMIC,0.7869,0.7566,0.8,0.7542,0.7455,0.7107
HypoIII,drug_39,0.25xMIC,0.7971,0.7864,0.7729,0.7994,0.7683,0.7555
HypoIII,drug_39,0.125xMIC,0.8441,0.8712,0.8392,0.7844,0.7974,0.7943
HypoIII,drug_39,0.000xMIC,0.7792,0.8246,0.8003,0.7423,0.8242,0.7513
HypoIII,drug_4,8xMIC,0.0992,0.0985,0.1021,0.1037,0.1035,0.1084
HypoIII,drug_4,4xMIC,0.198,0.1615,0.2042,0.3121,0.1523,0.1588
HypoIII,drug_4,2xMIC,0.4526,0.461,0.6083,0.5962,0.5391,0.5208
HypoIII,drug_4,1xMIC,0.799,0.8227,0.9102,0.8258,0.7432,0.8887
HypoIII,drug_4,0.5xMIC,1.0093,1.181,0.9336,0.9968,0.9669,0.941
HypoIII,drug_4,0.25xMIC,1.0052,1.0934,1.0032,0.9362,1.0396,1.1473
HypoIII,drug_4,0.125xMIC,1.1425,1.0472,0.9716,1.1438,0.971,0.9536
HypoIII,drug_4,0.000xMIC,1.0125,1.0085,1.1106,1.1939,1.0103,0.9247
HypoIII,drug_40,8xMIC,0.1187,0.0989,0.0946,0.0895,0.0865,0.0873
HypoIII,drug_40,4xMIC,0.1488,0.1393,0.1017,0.1146,0.0906,0.0913
HypoIII,drug_40,2xMIC,0.4773,0.3858,0.5128,0.1439,0.249,0.2007
HypoIII,drug_40,1xMIC,0.565,0.553,0.4435,0.5063,0.2908,0.3624
HypoIII,drug_40,0.5xMIC,0.6261,0.6296,0.5024,0.6244,0.5079,0.4417
HypoIII,drug_40,0.25xMIC,0.6515,0.6811,0.6478,0.749,0.6606,0.5981
HypoIII,drug_40,0.125xMIC,0.6894,0.6643,0.6794,0.6459,0.6332,0.6368
HypoIII,drug_40,0.000xMIC,0.9163,0.8624,0.8156,0.8211,0.8043,0.7719
HypoIII,drug_41,8xMIC,0.088,0.094,0.0893,0.0906,0.0875,0.0861
HypoIII,drug_41,4xMIC,0.1337,0.1607,0.0933,0.0951,0.0883,0.0871
HypoIII,drug_41,2xMIC,0.3996,0.3011,0.3566,0.379,0.2735,0.4195
HypoIII,drug_41,1xMIC,0.6142,0.6277,0.5746,0.5943,0.5916,0.533
HypoIII,drug_41,0.5xMIC,0.8426,0.7865,0.7887,0.692,0.6886,0.7524
HypoIII,drug_41,0.25xMIC,0.9896,1.0299,0.8662,0.7763,0.7968,0.7719
HypoIII,drug_41,0.125xMIC,0.9076,0.8615,0.8493,0.8653,0.8589,0.8264
HypoIII,drug_41,0.000xMIC,1.0638,0.9369,1.0641,0.9276,0.6815,0.7949
HypoIII,drug_42,8xMIC,0.099,0.0909,0.0945,0.0941,0.0881,0.0905
HypoIII,drug_42,4xMIC,0.1042,0.0979,0.0933,0.0949,0.0937,0.1778
HypoIII,drug_42,2xMIC,0.3705,0.3602,0.3636,0.3983,0.3575,0.3477
HypoIII,drug_42,1xMIC,0.8841,0.4231,0.3498,0.5718,0.562,0.5053
HypoIII,drug_42,0.5xMIC,0.9117,0.9155,0.8944,0.8821,0.8661,0.8363
HypoIII,drug_42,0.25xMIC,0.889,1.0072,0.9062,0.9975,1.041,1.0142
HypoIII,drug_42,0.125xMIC,0.908,1.0964,1.0405,1.0631,1.0084,0.907
HypoIII,drug_42,0.000xMIC,0.928,0.8926,0.9256,0.9128,0.8795,0.8635
HypoIII,drug_43,8xMIC,0.0867,0.0862,0.0855,0.0861,0.0862,0.087
HypoIII,drug_43,4xMIC,0.0868,0.0853,0.0854,0.0855,0.0849,0.0882
HypoIII,drug_43,2xMIC,0.3869,0.3515,0.2534,0.086,0.0896,0.0856
HypoIII,drug_43,1xMIC,0.584,0.5367,0.435,0.2016,0.385,0.3598
HypoIII,drug_43,0.5xMIC,0.8372,0.827,0.5782,0.545,0.7173,0.4945
HypoIII,drug_43,0.25xMIC,0.875,0.8464,0.8554,0.7826,0.8255,0.831
HypoIII,drug_43,0.125xMIC,0.8015,0.8639,0.8465,0.7883,0.7888,0.7609
HypoIII,drug_43,0.000xMIC,0.8713,0.82,0.848,0.8742,0.9301,0.923
HypoIII,drug_44,8xMIC,0.0887,0.0866,0.0878,0.0853,0.0891,0.0863
HypoIII,drug_44,4xMIC,0.0855,0.0874,0.0862,0.0865,0.0885,0.0895
HypoIII,drug_44,2xMIC,0.0955,0.0941,0.0953,0.0984,0.1009,0.0953
HypoIII,drug_44,1xMIC,0.5277,0.4902,0.475,0.534,0.5674,0.5206
HypoIII,drug_44,0.5xMIC,0.7458,0.688,0.6638,0.6807,0.6634,0.6488
HypoIII,drug_44,0.25xMIC,1.1017,0.7679,0.8371,0.7744,0.7956,0.7663
HypoIII,drug_44,0.125xMIC,0.8305,1.1035,0.9426,0.8187,0.7528,0.765
HypoIII,drug_44,0.000xMIC,0.8614,0.9031,0.8032,0.8634,0.8636,0.8782
HypoIII,drug_45,8xMIC,0.0942,0.0864,0.0866,0.0861,0.0878,0.0866
HypoIII,drug_45,4xMIC,0.0863,0.0857,0.0855,0.0897,0.0864,0.0856
HypoIII,drug_45,2xMIC,0.0853,0.0867,0.089,0.0864,0.0883,0.087
HypoIII,drug_45,1xMIC,0.0877,0.0866,0.0894,0.0878,0.0861,0.0876
HypoIII,drug_45,0.5xMIC,0.512,0.4795,0.578,0.2017,0.1244,0.1269
HypoIII,drug_45,0.25xMIC,0.7518,0.4866,0.711,0.4884,0.763,0.6934
HypoIII,drug_45,0.125xMIC,0.7597,0.8368,0.767,0.6861,0.8201,0.7977
HypoIII,drug_45,0.000xMIC,0.9088,0.8836,0.8364,0.8909,0.8178,0.9023
HypoIII,drug_46,8xMIC,0.0877,0.0861,0.0864,0.0869,0.0853,0.087
HypoIII,drug_46,4xMIC,0.0862,0.0858,0.088,0.0861,0.0852,0.0849
HypoIII,drug_46,2xMIC,0.0875,0.0858,0.0863,0.0866,0.086,0.0868
HypoIII,drug_46,1xMIC,0.1102,0.0942,0.0898,0.0968,0.0872,0.0882
HypoIII,drug_46,0.5xMIC,0.6842,0.6224,0.6523,0.6605,0.6949,0.6915
HypoIII,drug_46,0.25xMIC,0.7995,0.7915,0.8013,0.8345,0.791,0.815
HypoIII,drug_46,0.125xMIC,0.8444,0.8571,0.8037,0.8243,0.8167,0.843
HypoIII,drug_46,0.000xMIC,0.8295,0.8439,0.926,0.7599,0.8763,0.8954
HypoIII,drug_47,8xMIC,0.092,0.0897,0.0881,0.0888,0.0902,0.0921
HypoIII,drug_47,4xMIC,0.0886,0.088,0.0872,0.0866,0.0882,0.0883
HypoIII,drug_47,2xMIC,0.2653,0.3941,0.1442,0.1818,0.1534,0.2295
HypoIII,drug_47,1xMIC,0.7502,0.7321,0.7155,0.7199,0.7389,0.7441
HypoIII,drug_47,0.5xMIC,0.8555,0.8367,0.8236,0.8531,0.9073,0.8242
HypoIII,drug_47,0.25xMIC,0.863,0.9007,0.8658,0.8641,0.8774,0.8647
HypoIII,drug_47,0.125xMIC,0.8637,0.811,0.8707,0.8888,0.8879,0.9239
HypoIII,drug_47,0.000xMIC,0.8242,0.908,0.9715,0.8331,0.874,0.9356
HypoIII,drug_48,8xMIC,0.1941,0.3392,0.3383,0.1413,0.3434,0.3464
HypoIII,drug_48,4xMIC,0.2432,0.2126,0.1581,0.3035,0.3618,0.3233
HypoIII,drug_48,2xMIC,0.2907,0.3059,0.3229,0.3087,0.303,0.3259
HypoIII,drug_48,1xMIC,0.313,0.3544,0.2471,0.3415,0.1337,0.3272
HypoIII,drug_48,0.5xMIC,0.3374,0.1384,0.244,0.3505,0.2853,0.2783
HypoIII,drug_48,0.25xMIC,0.4755,0.4641,0.3226,0.4206,0.4522,0.4222
HypoIII,drug_48,0.125xMIC,0.5657,0.5659,0.5542,0.5431,0.5663,0.5457
HypoIII,drug_48,0.000xMIC,0.8562,0.9331,0.8602,0.8496,0.8712,0.8889
HypoIII,drug_49,8xMIC,0.1871,0.1726,0.2426,0.2746,0.2471,0.2282
HypoIII,drug_49,4xMIC,0.2045,0.2146,0.2215,0.1545,0.2348,0.2084
HypoIII,drug_49,2xMIC,0.1238,0.2139,0.2446,0.2375,0.2534,0.2186
HypoIII,drug_49,1xMIC,0.2406,0.2469,0.2745,0.315,0.3041,0.288
HypoIII,drug_49,0.5xMIC,0.4171,0.3988,0.4293,0.4096,0.3406,0.3931
HypoIII,drug_49,0.25xMIC,0.6381,0.6051,0.6652,0.6227,0.5998,0.5731
HypoIII,drug_49,0.125xMIC,0.7418,0.7495,0.7524,0.7687,0.7529,0.7676
HypoIII,drug_49,0.000xMIC,0.8661,0.8232,0.8801,0.8589,0.8921,0.8831
HypoIII,drug_5,8xMIC,0.1431,0.1529,0.1557,0.1545,0.1478,0.1474
HypoIII,drug_5,4xMIC,0.1629,0.1669,0.1885,0.1565,0.1749,0.1599
HypoIII,drug_5,2xMIC,0.503,0.4236,0.5119,0.4497,0.4047,0.4729
HypoIII,drug_5,1xMIC,0.4917,0.5171,0.5477,0.554,0.5246,0.541
HypoIII,drug_5,0.5xMIC,0.6045,0.6206,0.6538,0.5745,0.588,0.65
HypoIII,drug_5,0.25xMIC,0.5852,0.6259,0.64,0.6894,0.684,0.6966
HypoIII,drug_5,0.125xMIC,0.7205,0.7607,0.7583,0.7321,0.7727,0.7225
HypoIII,drug_5,0.000xMIC,0.8554,0.9323,1.0937,1.2179,1.2035,1.1537
HypoIII,drug_50,8xMIC,0.366,0.4191,0.3881,0.4175,0.3936,0.3936
HypoIII,drug_50,4xMIC,0.3893,0.405,0.3547,0.3923,0.397,0.3482
HypoIII,drug_50,2xMIC,0.4294,0.4155,0.4096,0.4341,0.3837,0.3922
HypoIII,drug_50,1xMIC,0.4655,0.4652,0.3968,0.3934,0.4419,0.4565
HypoIII,drug_50,0.5xMIC,0.5364,0.5338,0.5269,0.5315,0.523,0.438
HypoIII,drug_50,0.25xMIC,0.717,0.6362,0.631,0.632,0.6676,0.6558
HypoIII,drug_50,0.125xMIC,0.8486,0.8437,0.8547,0.8332,0.7691,0.7636
HypoIII,drug_50,0.000xMIC,1.0063,0.9675,0.9977,0.8695,0.9236,0.9051
HypoIII,drug_51,8xMIC,0.1198,0.1297,0.101,0.1016,0.1025,0.1071
HypoIII,drug_51,4xMIC,0.1064,0.1224,0.1158,0.2034,0.2443,0.099
HypoIII,drug_51,2xMIC,0.4024,0.1196,0.1394,0.3194,0.2072,0.2439
HypoIII,drug_51,1xMIC,0.6127,0.6274,0.7008,0.6246,0.7054,0.6788
HypoIII,drug_51,0.5xMIC,1.0989,1.1518,1.2218,1.1946,1.1444,0.9734
HypoIII,drug_51,0.25xMIC,1.0649,1.1309,1.1028,0.9665,1.0288,0.9131
HypoIII,drug_51,0.125xMIC,1.0675,1.0319,1.0566,1.0885,1.0436,1.0364
HypoIII,drug_51,0.000xMIC,1.0652,1.1564,1.0426,1.1162,1.0804,0.9479
HypoIII,drug_52,8xMIC,0.7967,0.7837,0.8267,0.798,0.8101,0.8256
HypoIII,drug_52,4xMIC,0.8431,0.8669,0.8225,0.8666,0.8668,0.8368
HypoIII,drug_52,2xMIC,0.8305,0.7741,0.8149,0.8937,0.8518,0.8071
HypoIII,drug_52,1xMIC,0.8269,0.9121,0.835,0.8483,0.839,0.8532
HypoIII,drug_52,0.5xMIC,0.915,0.9372,0.9639,0.9368,0.8771,0.8657
HypoIII,drug_52,0.25xMIC,0.9754,0.9226,0.9511,0.9997,0.983,0.9866
HypoIII,drug_52,0.125xMIC,1.0348,1.0461,0.992,1.0377,1.0188,0.9568
HypoIII,drug_52,0.000xMIC,0.9626,1.0334,1.0311,1.0424,1.0853,1.0795
HypoIII,drug_53,8xMIC,0.1483,0.1304,0.1501,0.1631,0.1295,0.1088
HypoIII,drug_53,4xMIC,0.1364,0.1449,0.1573,0.1873,0.1258,0.129
HypoIII,drug_53,2xMIC,0.4004,0.3547,0.3848,0.3903,0.4108,0.3773
HypoIII,drug_53,1xMIC,0.9792,0.8506,0.9271,0.9356,0.8442,1.0129
HypoIII,drug_53,0.5xMIC,0.9718,1.0992,1.1233,1.0351,0.9774,0.9783
HypoIII,drug_53,0.25xMIC,1.0833,0.9542,1.0141,1.0116,0.982,0.9135
HypoIII,drug_53,0.125xMIC,0.9737,0.9607,1.0343,1.0872,1.0417,1.0351
HypoIII,drug_53,0.000xMIC,1.0504,1.0002,0.995,1.0167,0.9898,0.9222
HypoIII,drug_54,8xMIC,0.1263,0.1025,0.125,0.1134,0.095,0.0919
HypoIII,drug_54,4xMIC,0.117,0.1253,0.1075,0.109,0.1077,0.1004
HypoIII,drug_54,2xMIC,0.2697,0.3168,0.2427,0.2871,0.2483,0.2845
HypoIII,drug_54,1xMIC,0.5603,0.6349,0.6034,0.5932,0.5859,0.5884
HypoIII,drug_54,0.5xMIC,0.861,0.875,0.8416,0.9063,0.8774,0.8859
HypoIII,drug_54,0.25xMIC,0.9111,0.959,0.9437,0.9062,0.9305,0.8437
HypoIII,drug_54,0.125xMIC,0.9253,0.9847,0.9977,0.9849,0.9615,0.9597
HypoIII,drug_54,0.000xMIC,0.9845,1.0637,1.0511,1.1497,0.8471,0.9215
HypoIII,drug_55,8xMIC,0.1514,0.2731,0.1887,0.1731,0.205,0.1184
HypoIII,drug_55,4xMIC,0.1618,0.1755,0.2232,0.2206,0.2432,0.1184
HypoIII,drug_55,2xMIC,0.4297,0.4901,0.4631,0.4932,0.3895,0.4193
HypoIII,drug_55,1xMIC,0.7767,0.7741,0.6918,0.6758,0.7259,0.689
HypoIII,drug_55,0.5xMIC,0.9311,0.943,0.9923,0.9544,0.9812,0.8616
HypoIII,drug_55,0.25xMIC,0.9617,0.9442,0.9664,0.9682,0.943,0.9732
HypoIII,drug_55,0.125xMIC,1.0035,0.9769,1.0276,1.0257,1.0416,0.948
HypoIII,drug_55,0.000xMIC,1.069,1.0224,1.0311,1.0635,1.0664,1.0373
HypoIII,drug_56,8xMIC,0.5562,0.5997,0.5701,0.6577,0.5607,0.5365
HypoIII,drug_56,4xMIC,0.6615,0.6996,0.6925,0.665,0.6745,0.6381
HypoIII,drug_56,2xMIC,0.8004,0.8137,0.7317,0.7816,0.7694,0.7358
HypoIII,drug_56,1xMIC,0.9462,0.8953,0.9156,0.9431,0.9379,0.9378
HypoIII,drug_56,0.5xMIC,0.9906,1.0028,1.0219,0.9865,1.0085,0.9334
HypoIII,drug_56,0.25xMIC,0.9332,0.9617,0.9293,0.9661,0.9274,0.9269
HypoIII,drug_56,0.125xMIC,0.9267,0.958,1.0303,1.0152,0.931,0.9637
HypoIII,drug_56,0.000xMIC,1.0042,0.9946,0.979,0.9938,1.0109,0.9856
HypoIII,drug_57,8xMIC,0.3588,0.4637,0.4176,0.3937,0.417,0.4048
HypoIII,drug_57,4xMIC,0.638,0.6652,0.7131,0.7132,0.6973,0.6919
HypoIII,drug_57,2xMIC,0.6962,0.7472,0.7147,0.7372,0.6645,0.6844
HypoIII,drug_57,1xMIC,0.7234,0.7114,0.6828,0.7024,0.6739,0.6452
HypoIII,drug_57,0.5xMIC,0.7833,0.7251,0.7558,0.7618,0.7535,0.7423
HypoIII,drug_57,0.25xMIC,0.817,0.8652,0.8135,0.8241,0.8559,0.796
HypoIII,drug_57,0.125xMIC,0.8501,0.8249,0.873,0.8848,0.872,0.8454
HypoIII,drug_57,0.000xMIC,0.8857,0.973,0.9739,0.8971,0.9716,0.8866
HypoIII,drug_58,8xMIC,0.103,0.1077,0.1045,0.103,0.0986,0.1013
HypoIII,drug_58,4xMIC,0.0967,0.0994,0.0944,0.1044,0.0958,0.0933
HypoIII,drug_58,2xMIC,0.4366,0.0924,0.4226,0.5443,0.0977,0.7725
HypoIII,drug_58,1xMIC,0.9749,0.8808,0.9756,0.8762,1.0675,1.0338
HypoIII,drug_58,0.5xMIC,0.9625,1.0868,0.9758,1.0726,1.0151,1.0175
HypoIII,drug_58,0.25xMIC,1.0251,1.0125,1.0546,1.0379,0.9979,1.0354
HypoIII,drug_58,0.125xMIC,1.0008,0.9983,1.016,0.992,1.0477,1.0252
HypoIII,drug_58,0.000xMIC,1.0123,1.0032,1.017,1.0247,1.0122,0.9925
HypoIII,drug_59,8xMIC,0.4602,0.4397,0.4147,0.4559,0.4116,0.3903
HypoIII,drug_59,4xMIC,0.5468,0.5577,0.5636,0.5471,0.6381,0.5662
HypoIII,drug_59,2xMIC,0.6372,0.7524,0.6219,0.7523,0.6961,0.614
HypoIII,drug_59,1xMIC,0.7951,0.802,0.8271,0.8303,0.8368,0.7608
HypoIII,drug_59,0.5xMIC,0.9142,0.9387,0.8477,0.8993,0.9576,0.8985
HypoIII,drug_59,0.25xMIC,0.9702,1.0062,0.9523,1.0164,0.9479,0.9799
HypoIII,drug_59,0.125xMIC,0.9683,0.9272,0.9629,1.0318,0.9225,0.9454
HypoIII,drug_59,0.000xMIC,0.9322,1.0405,1.0713,0.9992,0.9929,0.9382
HypoIII,drug_6,8xMIC,0.1076,0.1098,0.1127,0.1123,0.1109,0.1146
HypoIII,drug_6,4xMIC,0.1059,0.1151,0.1166,0.1168,0.1113,0.1146
HypoIII,drug_6,2xMIC,0.1172,0.1225,0.1275,0.1234,0.1273,0.1238
HypoIII,drug_6,1xMIC,0.1532,0.1525,0.1549,0.1462,0.153,0.1522
HypoIII,drug_6,0.5xMIC,0.2951,0.3138,0.3212,0.3288,0.3162,0.3193
HypoIII,drug_6,0.25xMIC,0.4551,0.5275,0.5384,0.4679,0.5168,0.4386
HypoIII,drug_6,0.125xMIC,0.7167,0.7157,0.7109,0.6993,0.6951,0.69
HypoIII,drug_6,0.000xMIC,0.8807,0.9814,0.9472,0.9233,0.9688,0.9652
HypoIII,drug_60,8xMIC,0.136,0.1274,0.1343,0.1448,0.136,0.1405
HypoIII,drug_60,4xMIC,0.1402,0.1412,0.141,0.1394,0.1469,0.1443
HypoIII,drug_60,2xMIC,0.1387,0.1411,0.1383,0.1425,0.1514,0.1456
HypoIII,drug_60,1xMIC,0.2111,0.2046,0.2227,0.1799,0.2092,0.1928
HypoIII,drug_60,0.5xMIC,0.4487,0.4035,0.4732,0.5048,0.4397,0.4285
HypoIII,drug_60,0.25xMIC,0.7603,0.8165,0.8327,0.8715,0.7163,0.7392
HypoIII,drug_60,0.125xMIC,1.1209,1.098,1.0048,1.1342,1.123,0.9756
HypoIII,drug_60,0.000xMIC,0.9811,0.9966,1.2045,0.9788,0.9741,0.8683
HypoIII,drug_61,8xMIC,0.7361,0.6686,0.7704,0.7637,0.6874,0.6466
HypoIII,drug_61,4xMIC,0.9214,0.9704,0.9877,1.0379,1.0011,0.8468
HypoIII,drug_61,2xMIC,0.9885,0.9648,0.9555,0.9943,0.9042,1.0028
HypoIII,drug_61,1xMIC,0.9472,1.0075,1.0151,1.0046,1.1059,1.0307
HypoIII,drug_61,0.5xMIC,1.0647,1.1396,1.1243,1.1297,1.0542,1.0472
HypoIII,drug_61,0.25xMIC,1.0254,1.1379,1.1261,1.0076,1.027,1.0031
HypoIII,drug_61,0.125xMIC,1.1374,1.1423,1.0834,1.1267,0.9822,1.0444
HypoIII,drug_61,0.000xMIC,1.1234,1.074,1.0849,1.2243,1.0027,1.0436
HypoIII,drug_62,8xMIC,0.1083,0.1286,0.1041,0.1088,0.1182,0.1107
HypoIII,drug_62,4xMIC,0.1288,0.1131,0.1154,0.123,0.1153,0.1171
HypoIII,drug_62,2xMIC,0.1458,0.1313,0.1381,0.1416,0.1379,0.1308
HypoIII,drug_62,1xMIC,0.4897,0.5325,0.3824,0.4746,0.5573,0.4992
HypoIII,drug_62,0.5xMIC,0.9787,1.0494,1.0303,1.0233,1.0523,0.9579
HypoIII,drug_62,0.25xMIC,1.0746,0.9923,1.0954,0.9804,1.0464,0.9012
HypoIII,drug_62,0.125xMIC,1.045,1.1519,1.0386,1.0743,1.101,1.0179
HypoIII,drug_62,0.000xMIC,1.0835,1.0663,1.1609,1.061,0.9664,1.1115
HypoIII,drug_63,8xMIC,0.1121,0.1068,0.1111,0.1051,0.1118,0.1135
HypoIII,drug_63,4xMIC,0.1046,0.109,0.1129,0.1061,0.1208,0.1143
HypoIII,drug_63,2xMIC,0.0962,0.098,0.1041,0.1045,0.0973,0.0952
HypoIII,drug_63,1xMIC,0.22,0.2395,0.225,0.2617,0.2648,0.2356
HypoIII,drug_63,0.5xMIC,0.7562,0.7694,0.6704,0.6456,0.7249,0.7802
HypoIII,drug_63,0.25xMIC,0.9425,0.8781,1.021,0.8384,0.8594,0.8062
HypoIII,drug_63,0.125xMIC,0.9633,0.9692,1.0874,1.0067,0.9942,0.8543
HypoIII,drug_63,0.000xMIC,1.0782,1.1012,1.0929,1.0974,1.1295,1.038
HypoIII,drug_64,8xMIC,0.115,0.1193,0.103,0.1099,0.1024,0.1004
HypoIII,drug_64,4xMIC,0.1085,0.1173,0.1032,0.1059,0.0987,0.0961
HypoIII,drug_64,2xMIC,0.1183,0.1097,0.131,0.0984,0.1144,0.0985
HypoIII,drug_64,1xMIC,0.2982,0.3459,0.3292,0.2761,0.2831,0.2742
HypoIII,drug_64,0.5xMIC,0.771,0.8511,0.6894,0.7504,0.8548,0.8195
HypoIII,drug_64,0.25xMIC,0.9433,0.977,0.9645,0.9464,0.9135,0.9408
HypoIII,drug_64,0.125xMIC,0.9145,1.0078,1.0135,0.8828,1.0394,0.969
HypoIII,drug_64,0.000xMIC,0.9782,0.9707,1.0745,1.1337,1.0291,1.0207
HypoIII,drug_65,8xMIC,0.1266,0.1211,0.1141,0.1253,0.1209,0.222
HypoIII,drug_65,4xMIC,0.1162,0.1208,0.1244,0.1092,0.1534,0.107
HypoIII,drug_65,2xMIC,0.1206,0.1326,0.2177,0.1508,0.1085,0.099
HypoIII,drug_65,1xMIC,0.1251,0.1159,0.103,0.1002,0.0984,0.097
HypoIII,drug_65,0.5xMIC,0.2385,0.2956,0.1901,0.1691,0.151,0.1438
HypoIII,drug_65,0.25xMIC,0.7794,0.7116,0.6766,0.6173,0.6421,0.5995
HypoIII,drug_65,0.125xMIC,0.8573,0.9624,0.953,0.9802,0.9947,0.8362
HypoIII,drug_65,0.000xMIC,1.0642,1.0622,1.0768,1.1366,1.1252,1.0313
HypoIII,drug_66,8xMIC,0.1729,0.1731,0.1891,0.1732,0.1881,0.2149
HypoIII,drug_66,4xMIC,0.5746,0.5271,0.537,0.547,0.5541,0.6809
HypoIII,drug_66,2xMIC,0.7687,0.6932,0.7631,0.8362,0.8669,0.7586
HypoIII,drug_66,1xMIC,1.0254,0.8694,0.9936,0.8733,0.7779,0.827
HypoIII,drug_66,0.5xMIC,1.1527,0.9037,0.8996,1.0531,0.8788,0.8359
HypoIII,drug_66,0.25xMIC,0.8961,0.9154,0.9765,0.8632,1.017,0.93
HypoIII,drug_66,0.125xMIC,0.9025,0.9626,1.0163,0.9871,0.9301,0.9857
HypoIII,drug_66,0.000xMIC,0.8953,0.9653,1.0162,0.9938,0.9174,0.9306
HypoIII,drug_67,8xMIC,0.1218,0.0997,0.1024,0.1168,0.1149,0.115
HypoIII,drug_67,4xMIC,0.1103,0.1062,0.1027,0.097,0.0979,0.1058
HypoIII,drug_67,2xMIC,0.1267,0.1288,0.1234,0.1198,0.1171,0.1215
HypoIII,drug_67,1xMIC,0.4209,0.4076,0.35,0.3941,0.3452,0.3349
HypoIII,drug_67,0.5xMIC,0.8995,0.9482,0.8874,0.8203,0.8469,0.8072
HypoIII,drug_67,0.25xMIC,0.9283,0.9715,0.9365,0.9597,0.9289,0.8603
HypoIII,drug_67,0.125xMIC,1.022,0.9932,1.1285,1.0418,1.0434,0.9379
HypoIII,drug_67,0.000xMIC,1.1391,1.0677,1.2872,1.2351,1.1858,1.1284
HypoIII,drug_68,8xMIC,0.1144,0.0988,0.0991,0.1064,0.1029,0.0982
HypoIII,drug_68,4xMIC,0.1075,0.1099,0.1059,0.106,0.1053,0.0965
HypoIII,drug_68,2xMIC,0.2064,0.2131,0.2111,0.1861,0.2002,0.2156
HypoIII,drug_68,1xMIC,0.5368,0.5333,0.6717,0.6216,0.6628,0.7225
HypoIII,drug_68,0.5xMIC,0.9262,0.8667,0.8398,0.8884,0.9017,0.8784
HypoIII,drug_68,0.25xMIC,0.9521,0.9753,0.9534,0.9688,0.9043,0.8298
HypoIII,drug_68,0.125xMIC,0.981,0.9544,0.9804,0.9609,0.9921,1.002
HypoIII,drug_68,0.000xMIC,1.0392,0.9859,1.0134,0.9329,0.9308,0.9299
HypoIII,drug_69,8xMIC,0.117,0.1029,0.1094,0.1182,0.1148,0.1023
HypoIII,drug_69,4xMIC,0.1206,0.1165,0.1224,0.1199,0.1103,0.1079
HypoIII,drug_69,2xMIC,0.1197,0.1251,0.1191,0.1224,0.116,0.1131
HypoIII,drug_69,1xMIC,0.1677,0.1641,0.1664,0.1566,0.1444,0.1629
HypoIII,drug_69,0.5xMIC,0.7416,0.8698,0.8077,0.7034,0.7198,0.7522
HypoIII,drug_69,0.25xMIC,1.1104,1.0639,1.1193,1.1496,1.1711,1.1097
HypoIII,drug_69,0.125xMIC,1.0861,1.0133,1.1866,1.0472,0.9264,1.1104
HypoIII,drug_69,0.000xMIC,1.1183,0.9562,1.0715,0.9361,0.9545,1.0285
HypoIII,drug_7,8xMIC,0.5961,0.5347,0.6089,0.62,0.6058,0.5324
HypoIII,drug_7,4xMIC,0.5206,0.5347,0.6143,0.6152,0.5919,0.6126
HypoIII,drug_7,2xMIC,0.6672,0.6849,0.6278,0.6764,0.6472,0.5963
HypoIII,drug_7,1xMIC,0.6113,0.6514,0.5905,0.7008,0.7051,0.7383
HypoIII,drug_7,0.5xMIC,0.7313,0.7607,0.7323,0.8337,0.7927,0.8104
HypoIII,drug_7,0.25xMIC,0.739,0.7826,0.8392,0.8432,0.7928,0.81
HypoIII,drug_7,0.125xMIC,0.868,0.8438,0.8209,0.8417,0.82,0.8877
HypoIII,drug_7,0.000xMIC,0.8053,0.8847,0.9513,0.97,0.9302,0.9095
HypoIII,drug_70,8xMIC,0.1798,0.1738,0.1928,0.1612,0.1624,0.1823
HypoIII,drug_70,4xMIC,0.3465,0.3272,0.3645,0.3153,0.3703,0.3488
HypoIII,drug_70,2xMIC,0.6507,0.6134,0.7136,0.6897,0.6848,0.6543
HypoIII,drug_70,1xMIC,0.8246,0.8745,0.8707,0.8352,0.7994,0.8879
HypoIII,drug_70,0.5xMIC,0.8852,0.9828,0.9462,0.9366,0.8197,0.8801
HypoIII,drug_70,0.25xMIC,1.0082,1.0481,1.0314,0.8901,0.9772,0.9264
HypoIII,drug_70,0.125xMIC,1.0554,0.9479,1.1319,1.0729,1.0586,1.0292
HypoIII,drug_70,0.000xMIC,1.1498,1.0614,1.0321,0.987,1.0208,0.9646
HypoIII,drug_71,8xMIC,0.119,0.1294,0.1147,0.1239,0.1078,0.1043
HypoIII,drug_71,4xMIC,0.1123,0.1241,0.1075,0.1758,0.1286,0.1655
HypoIII,drug_71,2xMIC,0.4308,0.4144,0.3761,0.369,0.4033,0.4413
HypoIII,drug_71,1xMIC,0.6484,0.657,0.6839,0.8302,0.7378,0.589
HypoIII,drug_71,0.5xMIC,1.0694,1.131,1.1078,1.0037,1.1116,1.1201
HypoIII,drug_71,0.25xMIC,0.9729,1.0626,0.9349,0.9541,0.9876,1.0885
HypoIII,drug_71,0.125xMIC,1.0888,1.032,1.0803,0.9841,0.9649,0.9411
HypoIII,drug_71,0.000xMIC,0.9743,1.062,1.0081,0.9738,1.0941,1.0221
HypoIII,drug_72,8xMIC,0.1338,0.1329,0.1375,0.1354,0.1323,0.1368
HypoIII,drug_72,4xMIC,0.1277,0.1339,0.1303,0.1336,0.1291,0.1256
HypoIII,drug_72,2xMIC,0.2057,0.2212,0.2293,0.1821,0.1745,0.1986
HypoIII,drug_72,1xMIC,0.5032,0.5612,0.5667,0.5608,0.5758,0.5422
HypoIII,drug_72,0.5xMIC,0.8019,0.7525,0.8102,0.7187,0.8005,0.7883
HypoIII,drug_72,0.25xMIC,0.9021,0.9477,0.937,0.9385,0.9144,0.9138
HypoIII,drug_72,0.125xMIC,0.9232,0.9087,0.955,0.9422,1.0996,0.8837
HypoIII,drug_72,0.000xMIC,0.9205,0.9566,0.9631,0.9542,1.0033,0.9585
HypoIII,drug_73,8xMIC,0.127,0.1253,0.1287,0.1193,0.1184,0.1216
HypoIII,drug_73,4xMIC,0.1837,0.1701,0.1735,0.1531,0.1508,0.1528
HypoIII,drug_73,2xMIC,0.4113,0.396,0.4827,0.4244,0.411,0.444
HypoIII,drug_73,1xMIC,0.4793,0.4825,0.4772,0.4661,0.3946,0.4188
HypoIII,drug_73,0.5xMIC,0.6351,0.5794,0.504,0.5632,0.4814,0.4959
HypoIII,drug_73,0.25xMIC,0.6174,0.6667,0.6421,0.6426,0.6233,0.5641
HypoIII,drug_73,0.125xMIC,0.6805,0.7121,0.7027,0.7108,0.6486,0.6125
HypoIII,drug_73,0.000xMIC,0.9148,0.9967,0.9497,0.9163,0.9063,0.8938
HypoIII,drug_74,8xMIC,0.1267,0.1252,0.106,0.1164,0.1193,0.1205
HypoIII,drug_74,4xMIC,0.132,0.1273,0.1287,0.1271,0.1087,0.1137
HypoIII,drug_74,2xMIC,0.1481,0.1381,0.1378,0.1386,0.1319,0.1298
HypoIII,drug_74,1xMIC,0.1671,0.162,0.2306,0.1559,0.173,0.1568
HypoIII,drug_74,0.5xMIC,0.3894,0.3337,0.3349,0.2828,0.3634,0.3699
HypoIII,drug_74,0.25xMIC,0.5898,0.5978,0.5434,0.4835,0.5005,0.5455
HypoIII,drug_74,0.125xMIC,0.8093,0.8131,0.821,0.7876,0.8193,0.7971
HypoIII,drug_74,0.000xMIC,1.1497,1.0915,0.9461,1.1674,1.0544,1.0523
HypoIII,drug_75,8xMIC,0.1443,0.1489,0.1299,0.0972,0.1,0.0932
HypoIII,drug_75,4xMIC,0.1596,0.1584,0.1535,0.1464,0.1028,0.1007
HypoIII,drug_75,2xMIC,0.3363,0.2814,0.3845,0.4002,0.3107,0.4442
HypoIII,drug_75,1xMIC,0.7241,0.6064,0.8122,0.7398,0.7501,0.5854
HypoIII,drug_75,0.5xMIC,0.8977,0.8409,0.7979,0.8712,0.735,0.8759
HypoIII,drug_75,0.25xMIC,1.0185,0.9649,0.9063,1.0027,0.8755,0.8833
HypoIII,drug_75,0.125xMIC,1.0367,0.9555,0.9421,0.9389,0.7813,0.8502
HypoIII,drug_75,0.000xMIC,0.9701,0.9173,0.8859,0.8661,0.9229,1.0166
HypoIII,drug_76,8xMIC,0.167,0.1638,0.1421,0.0993,0.1044,0.096
HypoIII,drug_76,4xMIC,0.481,0.4806,0.4614,0.3307,0.3634,0.4166
HypoIII,drug_76,2xMIC,0.7597,0.7192,0.6987,0.7675,0.7311,0.7755
HypoIII,drug_76,1xMIC,0.92,1.167,0.9566,1.038,0.9869,0.9292
HypoIII,drug_76,0.5xMIC,1.1501,1.0559,1.1936,1.1711,1.0754,0.9396
HypoIII,drug_76,0.25xMIC,1.2698,1.1097,1.1241,1.0928,1.1788,0.9866
HypoIII,drug_76,0.125xMIC,1.1217,1.2228,1.0933,0.9219,1.1833,0.8969
HypoIII,drug_76,0.000xMIC,1.103,1.2292,1.1023,1.196,1.0586,0.9074
HypoIII,drug_77,8xMIC,0.6906,0.7362,0.701,0.7575,0.6321,0.6454
HypoIII,drug_77,4xMIC,1.0603,1.0454,0.9221,0.9633,0.8734,0.739
HypoIII,drug_77,2xMIC,1.1502,1.159,1.178,1.0114,1.0753,1.1228
HypoIII,drug_77,1xMIC,1.0576,1.0701,0.9617,1.1086,1.121,1.0896
HypoIII,drug_77,0.5xMIC,1.0674,1.0644,1.1212,1.0695,1.0905,0.9774
HypoIII,drug_77,0.25xMIC,0.9992,1.0911,1.1407,1.071,1.1011,1.0428
HypoIII,drug_77,0.125xMIC,1.1175,1.1385,1.1363,1.202,1.1285,1.0456
HypoIII,drug_77,0.000xMIC,1.2582,1.0836,1.1173,1.0838,1.1293,1.0719
HypoIII,drug_78,8xMIC,0.343,0.3606,0.3439,0.3318,0.3567,0.3308
HypoIII,drug_78,4xMIC,0.3916,0.3795,0.3823,0.3869,0.3833,0.3684
HypoIII,drug_78,2xMIC,0.5487,0.5073,0.49,0.4748,0.4706,0.4775
HypoIII,drug_78,1xMIC,0.7174,0.7184,0.5932,0.7458,0.7264,0.7632
HypoIII,drug_78,0.5xMIC,0.9826,1.0036,0.841,0.9801,0.9892,0.8127
HypoIII,drug_78,0.25xMIC,1.044,1.1167,0.9501,0.858,0.9152,0.9244
HypoIII,drug_78,0.125xMIC,0.9864,1.012,1.0792,0.9593,0.9753,0.9197
HypoIII,drug_78,0.000xMIC,1.0155,1.0448,1.0554,1.0091,0.954,1.0566
HypoIII,drug_79,8xMIC,0.1177,0.0962,0.0998,0.0944,0.0938,0.0932
HypoIII,drug_79,4xMIC,0.1144,0.1027,0.1014,0.0997,0.0941,0.0914
HypoIII,drug_79,2xMIC,0.1287,0.1212,0.1226,0.1124,0.1024,0.0992
HypoIII,drug_79,1xMIC,0.2055,0.25,0.2365,0.1085,0.1018,0.0969
HypoIII,drug_79,0.5xMIC,0.5839,0.5858,0.6595,0.6409,0.5244,0.5451
HypoIII,drug_79,0.25xMIC,0.9118,0.8547,0.9307,0.9306,0.8119,0.8672
HypoIII,drug_79,0.125xMIC,0.9791,1.0322,1.0047,1.0028,0.9752,1.0653
HypoIII,drug_79,0.000xMIC,1.0504,1.057,1.2182,1.0556,1.0009,0.9626
HypoIII,drug_8,8xMIC,0.1715,0.1736,0.1758,0.173,0.1664,0.1818
HypoIII,drug_8,4xMIC,0.3286,0.3526,0.3462,0.3663,0.3462,0.3387
HypoIII,drug_8,2xMIC,0.9191,1.064,0.8693,0.8596,1.0227,0.9865
HypoIII,drug_8,1xMIC,1.0636,1.1802,1.13,1.0218,0.934,1.1502
HypoIII,drug_8,0.5xMIC,1.1076,1.0746,1.0084,1.0509,0.9246,0.9321
HypoIII,drug_8,0.25xMIC,1.198,0.9249,0.8992,0.9998,0.9499,0.8614
HypoIII,drug_8,0.125xMIC,1.1125,1.1287,1.2101,0.9419,1.0862,0.9525
HypoIII,drug_8,0.000xMIC,1.0532,1.0904,0.8826,0.949,1.0034,0.9
HypoIII,drug_80,8xMIC,0.1109,0.1052,0.1022,0.0963,0.0932,0.0946
HypoIII,drug_80,4xMIC,0.1086,0.1477,0.1095,0.0969,0.0964,0.0934
HypoIII,drug_80,2xMIC,0.3229,0.3055,0.3196,0.2915,0.2732,0.226
HypoIII,drug_80,1xMIC,0.6367,0.5955,0.644,0.6427,0.5926,0.5459
HypoIII,drug_80,0.5xMIC,0.9108,0.8736,0.9834,0.9446,0.9544,0.8678
HypoIII,drug_80,0.25xMIC,0.9904,1.0179,0.9192,0.9563,1.0075,1.0069
HypoIII,drug_80,0.125xMIC,0.9925,1.1276,1.1571,1.0643,1.0434,0.9326
HypoIII,drug_80,0.000xMIC,1.0497,1.1869,1.1044,1.1504,1.275,1.1811
HypoIII,drug_81,8xMIC,0.0924,0.0925,0.1041,0.0892,0.0895,0.0893
HypoIII,drug_81,4xMIC,0.1618,0.0887,0.0972,0.0892,0.0893,0.088
HypoIII,drug_81,2xMIC,0.3903,0.4424,0.4368,0.4402,0.4836,0.4206
HypoIII,drug_81,1xMIC,0.4169,0.412,0.4031,0.4011,0.4271,0.4257
HypoIII,drug_81,0.5xMIC,0.5596,0.6541,0.534,0.5748,0.5499,0.582
HypoIII,drug_81,0.25xMIC,0.9735,1.0254,0.8041,0.9905,0.7007,0.988
HypoIII,drug_81,0.125xMIC,0.8066,0.8938,0.8058,0.8876,1.243,0.9097
HypoIII,drug_81,0.000xMIC,0.9996,0.9543,1.3037,0.9823,0.9768,1.0639
HypoIII,drug_82,8xMIC,0.1337,0.1082,0.1062,0.1004,0.0995,0.0994
HypoIII,drug_82,4xMIC,0.1111,0.1367,0.1088,0.1036,0.1008,0.0971
HypoIII,drug_82,2xMIC,0.3,0.2958,0.2997,0.283,0.28,0.2849
HypoIII,drug_82,1xMIC,0.415,0.3588,0.4065,0.4667,0.4547,0.4283
HypoIII,drug_82,0.5xMIC,0.6267,0.6211,0.5439,0.6752,0.7343,0.5856
HypoIII,drug_82,0.25xMIC,0.7317,0.9135,0.8859,0.7291,0.8064,0.7614
HypoIII,drug_82,0.125xMIC,0.9595,1.0208,0.9877,0.9109,0.894,0.914
HypoIII,drug_82,0.000xMIC,1.1515,1.0202,1.0904,0.9633,1.1539,0.985
HypoIII,drug_83,8xMIC,0.1101,0.1022,0.096,0.0921,0.0893,0.0891
HypoIII,drug_83,4xMIC,0.3115,0.3234,0.2771,0.2745,0.2109,0.2307
HypoIII,drug_83,2xMIC,0.7927,0.8411,0.773,0.8213,0.6573,0.6978
HypoIII,drug_83,1xMIC,0.9441,0.9921,0.9608,0.9968,0.9389,0.9726
HypoIII,drug_83,0.5xMIC,1.012,1.0574,1.028,1.0621,1.0742,0.9826
HypoIII,drug_83,0.25xMIC,1.0461,0.9923,1.0419,1.0382,1.0452,1.0525
HypoIII,drug_83,0.125xMIC,1.046,1.072,1.096,1.1623,1.1434,1.0216
HypoIII,drug_83,0.000xMIC,0.9772,1.0389,1.0609,1.0717,1.1515,0.9167
HypoIII,drug_84,8xMIC,0.1269,0.1007,0.1133,0.1011,0.0938,0.0913
HypoIII,drug_84,4xMIC,0.1139,0.0952,0.1258,0.0933,0.0898,0.0871
HypoIII,drug_84,2xMIC,0.1107,0.1181,0.0935,0.0958,0.0879,0.0877
HypoIII,drug_84,1xMIC,0.1192,0.1315,0.1334,0.1079,0.1188,0.0961
HypoIII,drug_84,0.5xMIC,0.5379,0.4496,0.4638,0.4582,0.4306,0.4307
HypoIII,drug_84,0.25xMIC,0.9317,0.9012,0.8408,0.8645,0.6722,0.7638
HypoIII,drug_84,0.125xMIC,0.8341,0.9066,0.9264,1.0603,0.9758,0.8572
HypoIII,drug_84,0.000xMIC,1.0725,1.1058,0.9521,0.9615,1.2089,1.1877
HypoIII,drug_85,8xMIC,0.3681,0.3922,0.3597,0.344,0.2463,0.2256
HypoIII,drug_85,4xMIC,0.4999,0.5308,0.4989,0.5048,0.5096,0.4991
HypoIII,drug_85,2xMIC,0.5286,0.4661,0.5628,0.5806,0.4607,0.4911
HypoIII,drug_85,1xMIC,0.6272,0.7046,0.6193,0.6422,0.6608,0.5547
HypoIII,drug_85,0.5xMIC,0.8124,0.6625,0.7964,0.8191,0.7168,0.6797
HypoIII,drug_85,0.25xMIC,0.885,0.885,0.9005,0.9421,0.7337,0.6514
HypoIII,drug_85,0.125xMIC,1.0444,0.8755,1.0634,0.9224,0.9279,0.9697
HypoIII,drug_85,0.000xMIC,0.9896,1.0276,1.0109,1.0264,1.046,1.0534
HypoIII,drug_86,8xMIC,0.1032,0.0932,0.2384,0.1766,0.18,0.2214
HypoIII,drug_86,4xMIC,0.5918,0.124,0.1158,0.1425,0.2012,0.12
HypoIII,drug_86,2xMIC,0.6938,0.6839,0.4744,0.6389,0.6169,0.5953
HypoIII,drug_86,1xMIC,0.9601,0.9725,1.089,1.1402,1.0413,0.8602
HypoIII,drug_86,0.5xMIC,0.9758,1.1394,1.1951,1.1963,1.1437,1.1249
HypoIII,drug_86,0.25xMIC,1.0265,1.2125,1.0487,1.0218,1.0631,1.1046
HypoIII,drug_86,0.125xMIC,1.1052,1.0565,1.0876,1.0706,1.113,1.1118
HypoIII,drug_86,0.000xMIC,1.0918,1.1868,1.0868,1.0849,1.1439,1.0665
HypoIII,drug_9,8xMIC,0.214,0.2013,0.2066,0.1993,0.2165,0.2252
HypoIII,drug_9,4xMIC,0.6453,0.6175,0.6722,0.6119,0.6688,0.6753
HypoIII,drug_9,2xMIC,0.5337,0.588,0.5931,0.6231,0.6702,0.6581
HypoIII,drug_9,1xMIC,0.718,0.7382,0.8138,0.8266,0.853,0.86
HypoIII,drug_9,0.5xMIC,0.8473,0.9046,0.9497,0.8812,0.9344,0.9183
HypoIII,drug_9,0.25xMIC,0.9057,0.8678,0.8778,0.8824,0.8498,0.9908
HypoIII,drug_9,0.125xMIC,0.8485,0.8791,0.9691,0.9447,1.0038,0.9761
HypoIII,drug_9,0.000xMIC,0.9661,0.9309,0.9486,1.0167,0.9066,1.0622
